1	860026928-2	CENTRO NACIONAL DE FORMACION SOCIAL	 CETRAC	BOGOTÁ	2	2019	8	14	0	0	3	10	9	0
2	860014397-1	COOPERATIVA DE LOS TRABAJADORES DEL INSTITUTO DE LOS SEGUROS SOCIALES 	COOPTRAISS	BOGOTÁ	2	2019	147	256	0	46	112	189	29	27
3	900449093-8	CORPORACIÓN INSTITUTO DE CAPACITACIÓN Y FORMACIÓN SOCIAL Y SOLIDARIA 	INSTITUTO SOCIAL Y SOLIDARIO	BOGOTÁ	2	2019	56	138	0	30	31	71	6	56
4	800024309-6	UNION DE COOPERATIVAS DE CALDAS 	CONFECOOP CALDAS	MANIZALES	2	2019	488	493	6	121	316	387	90	61
5	860026692-1	CENTRAL COOPERATIVA DE EDUCACION	COOEDUCAR	BOGOTÁ	2	2019	89	127	9	18	43	106	40	0
6	800163130-0	UNIVERSIDAD FRANCISCO DE PAULA SANTANDER 	UFPS	NORTE DE SANTANDER	2	2019	81	114	3	34	9	35	7	107
7	900352317-4	CORPORACION CENTRO DE ACOMPAÑAMIENTO PARA EL DESARROLLO EMPRESARIAL, SOCIAL Y SOLIDARIO	CADES	VALLE DEL CAUCA	2	2019	8	35	0	7	8	24	4	0
8	900422757-2	FUNDACIÓN SER SOCIAL	FUNDACIÓN SER SOCIAL	BOLIVAR	2	2019	85	555	7	36	80	289	189	39
9	800155087-8	COOPERATIVA MULTIACTIVA DEL GUAINIA 	COOTREGUA	GUAINIA	2	2019	174	173	2	29	69	33	40	174
10	900454027-1	CORPORACION CENTRO DE ESTUDIOS SOLIDARIOS  JIREH	CORJIREH	BOGOTÁ	2	2019	31	24	1	9	14	26	5	0
11	824004303-4	FUNDACION PARA EL DESARROLLO SOCIOEMPRESARIAL Y TECNÒLOGICO DE LA COSTA CARIBE 	FUNDESCAR	CESAR	2	2019	67	59	1	1	28	66	30	0
12	890700817-3	COOPERATIVA DE MAESTROS Y EMPLEADOS DE LA EDUCACIÓN DEL TOLIMA	COOPEMTOL	 TOLIMA	2	2019	92	117	0	18	75	103	13	0
13	860010755-5	ASOCIACION COLOMBIANA DE COOPERATIVAS 	ASCOOP	BOGOTÁ	2	2019	253	215	8	85	77	258	40	0
14	830003183-4	CORPORACION DE INVESTIGACIONES ASESORIAS Y ESTUDIOS EMPRESARIALES	CIAEM 	BOGOTÁ	2	2019	93	98	0	0	0	0	0	191
15	860007647-7	FEBOR ENTIDAD COOPERATIVA 	FEBOR	BOGOTÁ	2	2019	9	10	0	1	9	6	3	0
16	860533452-3	CORPORACIÓN FONDO DE EMPLEADOS DE LA INDUSTRIA PETROLERA COLOMBIANA	CORPECOL	BOGOTÁ	2	2019	350	161	0	7	111	177	55	161
17	801002867-3	ASOCIACION DE ENTIDADES DEL SECTOR DE LA ECONOMÍA SOLIDARIA 	QUINDIO SOLIDARIO	ARMENIA	2	2019	141	107	2	52	63	32	10	89
18	860516999-8	CENTRAL DE INTEGRACION Y CAPACITACION COOPERATIVA - CINCOP	CINCOP	BOGOTÁ	2	2019	273	360	0	2	13	4	4	610
19	900919810-1	FUNDACION SOCIAL COOTEP	FUNDACOOTEP	MOCOA	2	2019	38	32	0	4	4	13	49	0
20	891501013-9	FEDERACIÓN COLOMBIANA  DE ENTIDADES SOLIDARIAS	FENALSOL	BOGOTÁ	2	2019	68	48	1	1	8	14	24	68
21	891801371-8	COOEDUCADORES MULTIACTIVA DE EDUCADORES DE BOYACA	COEDUCADORES BOYACA	BOYACA	2	2019	35	20	0	0	2	26	27	0
22	830505359-8	COOPERATIVA INTEGRAL PARA EL DESARROLLO AGROPECUARIO	COOAGRODIN	VALLEDUPAR	2	2019	3	20	0	4	15	4	0	0
23	800218458-9	FUNDACION COFINAL	FUNCOFINAL	NARIÑO	2	2019	45	56	0	10	53	29	9	0
24	900061341-2	FEDERACION DE EMPRESAS DE ECONOMIA SOLIDARIA DEL ORIENTE COLOMBIANO 	CONFECOOP ORIENTE	BUCARAMANGA	2	2019	194	226	0	0	0	0	0	420
25	800186261-6	ASOCIACION DE COOPERATIVAS DE RISARALDA CONFEDERACIÓN DE COOPERATIVAS DE COLOMBIA ASOCORIS	CONFECOOP RISARALDA	RISARALDA	2	2019	301	457	6	47	102	110	22	471
26	900134877-2	FUNDACION DE COPIDROGAS PARA LA EDUCACION Y LA ASESORIA TECNICA	FUNDECOPI 	BOGOTÁ	2	2019	567	663	2	82	534	512	97	3
27	890803271-0	COOPERATIVA MULTIACTIVA SENA	COOPESENA	MANIZALES	2	2019	104	129	2	10	55	99	67	0
28	860029924-7	UNIVERSIDAD COOPERATIVA DE COLOMBIA	UCC	BOGOTÁ	2	2019	134	171	10	30	93	121	50	1
29	830011670-3	COOPERATIVA MULTIACTIVA COPSERVIR LTDA	COPSERVIR	BOGOTÁ	2	2019	331	313	67	309	202	41	0	25
30	860014397-1	COOPERATIVA DE LOS TRABAJADORES DEL INSTITUTO DE LOS SEGUROS SOCIALES	COOPTRAISS	BOGOTÁ	2	2019	147	153	0	27	101	148	24	0
31	890381532-9	CENTRAL DE INTEGRACION COOPERATIVA DEL CARIBE	CONFECOOP CARIBE	BOLIVAR	2	2019	117	82	0	18	77	101	3	0
32	890505732-0	CONFEDERACIÓN DE COOPERATIVAS DE NORTE DE SANTANDER	CONFECOOP NORTE	NORTE DE SANTANDER	2	2019	229	48	0	114	103	60	0	0
33	806012962-6	CORPORACION DE PROFESIONALES PARA LA CREACION, PROMOCION, FOMENTO Y DESARROLLO DE ENTIDADES DEL SECTOR SOLIDARIO 	CORPROSOLIDARIA	BOLIVAR	2	2019	23	12	0	0	0	0	0	35
34	900699751-8	FUNDACIÒN CEFIC	CEFIC	BARRANQUILLA	2	2019	32	0	0	0	0	0	0	32
35	860514823-1	COOPERATIVA PARA EL BIENESTAR SOCIAL  	COOPEBIS	BOGOTÁ	2	2019	72	305	0	4	23	108	40	202
36	800163130-0	UNIVERSIDAD FRANCISCO DE PAULA SANTANDER 	UFPDSO	NORTE DE SANTANDER	2	2019	269	115	4	30	129	173	46	2
37	804006750-1	INSTITUTO DE FORMACIÓN Y DESARROLLO SOCIAL COOMULDESA	COOMULDESA	SANTANDER	2	2019	67	134	8	50	67	48	18	10
38	814004649-0	FUNDACION COFINAL	COFINAL	NARIÑO	2	2019	272	404	16	53	177	240	59	131
39	809012766-1	CORPORACION FUERZA DE PAZ	CORFUPAZ	CALDAS	2	2019	35	28	0	0	8	5	2	48
40	900352317-4	CORPORACION CENTRO DE ACOMPAÑAMIENTO PARA EL DESARROLLO EMPRESARIAL, SOCIAL Y SOLIDARIO	CADES	VALLE DEL CAUCA	2	2019	8	0	0	3	5	0	0	0
41	860014871-1	COOPERATIVA MULTIACTIVA  DEL PERSONAL DEL SENA	COOPSENA	BOGOTÁ	2	2019	128	91	0	3	82	114	20	0
42	900454027-1	CORPORACION CENTRO DE ESTUDIOS SOLIDARIOS  JIREH	CORJIREH	BOGOTÁ	2	2019	36	25	0	15	5	25	16	0
43	900325303-7	CORPORACIÓN TALENTO SOLIDARIO EMPRESARIAL 	CORTALENTO	BOGOTÁ	2	2019	47	18	0	5	14	19	4	23
44	860516999-8	CENTRAL DE INTEGRACION Y CAPACITACION COOPERATIVA 	CINCOP	BOGOTÁ	2	2019	581	877	0	0	0	0	0	1458
45	824004303-4	FUNDACION PARA EL DESARROLLO SOCIOEMPRESARIAL Y TECNÒLOGICO DE LA COSTA CARIBE	 FUNDESCAR	BOGOTÁ	2	2019	112	98	0	0	0	0	0	210
46	891800652-8	CASA NACIONAL DEL PROFESOR ORGANIZACIÓN COOPERATIVA MULTIACTIVA 	CANAPRO O.C	BOYACA	2	2019	73	37	0	0	0	0	0	110
47	820001701-4	CORPORACION DE ASESORIA, EDUCACION E INVESTIGACION PARA EL DESARROLLO	EMPRENDER ONG	BOYACA	2	2019	188	182	0	10	53	61	14	232
48	900454027-1	CORPORACION CENTRO DE ESTUDIOS SOLIDARIOS  JIREH	CORJIREH	BOGOTÁ	2	2019	36	25	0	0	10	22	17	12
49	801002867-3	ASOCIACION DE ENTIDADES DEL SECTOR DE LA ECONOMÍA SOLIDARIA 	QUINDIO SOLIDARIO	QUINDÍO	2	2019	109	76	0	45	49	48	43	0
50	9003554849-1	FUNDACION SOCIAL COOFISAM 	COOFISAM 	HUILA	2	2019	101	103	34	34	59	73	4	0
51	890300625-1	COOPERATIVA MEDICA DEL VALLE Y PROFESIONALES DE COLOMBIA	 COOMEVA	VALLE DEL CAUCA	2	2019	173	151	0	0	0	0	0	0
52	860015685-0	UNIVERSIDAD LA GRAN COLOMBIA 	UNIVERSIDAD LA GRAN COLOMBIA 	CUNDINAMARCA	2	2019	26	10	0	0	0	0	0	36
53	830074408-1	CORPORACION AUTONOMA DE TRABAJO SOCIAL 	CATSO	CUNDINAMARCA	2	2019	222	304	26	33	142	201	124	0
54	890381532-9	CENTRAL DE INTEGRACION COOPERATIVA DEL CARIBE	CONFECOOP CARIBE	BOLIVAR	2	2019	215	54	0	26	119	121	0	3
55	860007647-7	FEBOR ENTIDAD COOPERATIVA	FEBOR	BOGOTÁ	2	2019	75	41	0	0	1	24	82	9
56	900449093-8	CORPORACIÓN INSTITUTO DE CAPACITACIÓN Y FORMACIÓN SOCIAL Y SOLIDARIA 	INSTITUTO SOCIAL Y SOLIDARIO	BOGOTÁ	2	2019	24	26	0	5	9	21	7	8
57	811027728-2	FUNDACIÒN SOLIDARIA ORIENTE ANTIOQUEÑO	FUNSOAN	ANTIOQUIA	2	2019	7	15	0	0	0	0	0	22
58	830146621-2	DINAMIZAR SOLUCIONES	DINAMIZAR SOLUCIONES COOPERATIVA	BOGOTÁ	2	2019	46	90	12	10	21	48	33	12
59	800159927-8	COOPERATIVA DE PROFESIONALES ESPECIALIZADOS PRISBI	PRISBI	BOGOTÁ	2	2019	21	0	0	2	5	6	4	4
60	900280737-4	FUNDACIÓN EDUCATIVA DE RISARALDA	FEDUCAR	RISARALDA	2	2019	37	33	0	0	0	0	0	70
61	823005226-6	COOPERATIVA DE SERVICIOS INTEGRALES	AGROCOOP	SUCRE	2	2019	2	4	0	1	3	2	0	0
62	830053439-8	CORPORACION LEXCOM DE COLOMBIA 	LEXCOM	BOGOTÁ	2	2019	244	270	5	9	196	281	23	0
63	830104366-9	FUNDACIÓN PARA EL DESARROLLO ECONÓMICO Y EMPRESARIAL QUALITAS TRAINING TOOL	 QUALITAS TRAINING TOOL	BOGOTÁ	2	2019	180	232	14	32	102	174	84	6
64	800218458-9	FUNDACIóN COOPCENTRAL	COOPCENTRAL	BOGOTÁ	2	2019	100	102	0	0	0	0	0	202
65	800015746-3	ASOCIACIÓN ANTIOQUEÑA DE COOPERATIVAS CONFECOOP ANTIOQUIA	CONFECOOP ANTIOQUIA	ANTIOQUIA	2	2019	417	325	0	0	0	0	0	742
66	900098833-4	FUNDACIóN CENTRO DE EDUCACIóN Y DESARROLLO SOLIDARIO	FUNCEYDES	BOGOTÁ	2	2019	171	190	18	16	72	135	43	77
67	816007078-6	FUNDACION SOCIAL COOPLAROSA	COOPLAROSA	RISARALDA	2	2019	49	130	14	22	34	68	36	5
68	891501013-9	FEDERACION DE COOPERATIVAS DEL CAUCA - CONFECOOP CAUCA	CONFECOOP CAUCA	CAUCA	2	2019	49	56	0	0	0	0	0	105
69	890906852-7	COOPERATIVA DE TRABAJADORES DEL SENA COOTRASENA	COOTRASENA	BOGOTÁ	2	2019	18	6	0	0	0	7	13	4
70	800155087-8	COOPERATIVA MULTIACTIVA COOTREGUA 	COOTREGUA 	GUAINIA	2	2019	234	237	10	56	78	72	14	241
71	900363173-8	CORPORACION SOCIAL EMPRENDER	EMPRENDER	VALLE DEL CAUCA	2	2019	89	65	0	7	27	49	28	43
72	891900492-5	COOPERATIVA DE AHORRO Y CREDITO COOPROSENVA	COOPROSENVA	VALLE DEL CAUCA	2	2019	580	1021	37	319	349	764	132	0
73	860014397-1	COOPERATIVA DE LOS TRABAJADORES DEL INSTITUTO DE SEGUROS SOCIALES – COOPTRAISS	COOPTRAISS	BOGOTÁ	2	2019	24	29	0	8	14	25	6	0
74	900080171-8	FUNDACIÓN SOCIAL VIDAL FORERO	PROSPERANDO	TOLIMA	2	2019	10	14	0	0	0	0	0	0
75	901082398-5	FUNDACIóN CSE PROGRESA	PROGRESA	CUNDINAMARCA	2	2019	105	102	0	11	31	48	29	88
76	860010755-5	ASOCIACION COLOMBIANA DE COOPERATIVAS ASCOOP	ASCOOP	BOGOTÁ	2	2019	620	320	151	86	76	590	37	0
77	890505732-0	 CONFEDERACION DE COOPERATIVAS DEL NORTE DE SANTANDER	CONFECOOP NORTE	NORTE DE SANTANDER	2	2019	209	71	2	98	106	64	10	0
78	800167034-1	ASOCIACIÓN DE COOPERATIVAS Y EMPRESAS SOLIDARIAS DEL HUILA ASOCOOPH	ASOCOOPH	HUILA	2	2019	77	102	0	0	0	0	0	179
79	900966465-1	CORPORACIÓN CONEXIÓN SOLIDARIA 	CONEXIÓN SOLIDARIA	BOGOTÁ	2	2019	37	60	2	8	17	11	7	52
80	860516999-8	CENTRAL DE INTEGRACION Y CAPACITACION COOPERATIVA CINCOP	CINCOP	BOGOTÁ	2	2019	581	878	39	215	111	527	359	208
81	900443952-2	ASOCIACION DE PROSUMIDORES AGROECOLOGICOS AGROSOLIDARIA SECCIONAL RIOHACHA	AGROSOLIDARIA	RIOHACHA	2	2019	0	77	0	2	25	47	3	0
82	800024309-6	UNION DE COOPERATIVAS DE CALDAS 	CONFECOOP CALDAS	MANIZALES	2	2019	462	521	1	8	16	59	22	877
83	830058239-4	ASOCIACION COLOMBIANA DEL TRANSPORTE TERRESTRE AUTOMOTOR ESPECIAL	ACOLTES	CUNDINAMARCA	2	2019	12	6	0	0	0	0	0	18
84	900061341-2	FEDERACION DE EMPRESAS DE ECONOMIA SOLIDARIA DEL ORIENTE COLOMBIANO 	CONFECOOP ORIENTE	BUCARAMANGA	2	2019	165	220	0	0	0	0	0	385
85	891501013-9	FEDERACIÓN COLOMBIANA  DE ENTIDADES SOLIDARIAS	FENALSOL	BOGOTÁ	2	2019	9	13	0	0	0	0	0	22
86	900919810-1	FUNDACIÓN SOCIAL COOTEP	COOTEP	PUTUMAYO	2	2019	86	174	0	0	0	0	0	260
87	800186261-6	ASOCIACION DE COOPERATIVAS DE RISARALDA	ASOCORIS	RISARALDA	2	2019	396	1037	2	74	212	223	92	830
88	900261022-6	FORMADORES CORPORACIÓN	FORMADORES 3000	HUILA	2	2019	505	452	1	3	205	88	475	185
89	830003183-4	CORPORACION DE INVESTIGACIONES ASESORIAS Y ESTUDIOS EMPRESARIALES	CIAEM 	BOGOTÁ	2	2019	139	109	0	0	0	0	0	248
90	809002901-5	ASOCIACIÓN TOLIMENSE DE COOPERATIVAS CONFECOOP TOLIMA	CONFECOOP TOLIMA	TOLIMA	2	2019	33	38	0	0	0	0	0	71
91	800024309-6	UNION DE COOPERATIVAS DE CALDAS 	CONFECOOP CALDAS	MANIZALES	2	2019	256	257	8	14	95	290	106	0
92	823005226-6	COOPERATIVA DE SERVICIOS INTEGRALES	AGROCOOP	SUCRE	1	2020	1	3	0	0	2	2	0	0
93	900443952-2	ASOCIACION DE PROSUMIDORES AGROECOLOGICOS AGROSOLIDARIA SECCIONAL RIOHACHA	AGROSOLIDARIA	LA GUAJIRA	1	2020	13	115	0	7	6	3	1	111
94	860010755-5	ASOCIACIÓN COLOMBIANA DE COOPERATIVAS	ASCOOP	CUNDINAMARCA	1	2020	79	53	0	5	115	12	0	0
95	860010755-5	ASOCIACIÓN COLOMBIANA DE COOPERATIVAS	ASCOOP	CUNDINAMARCA	1	2020	47	82	0	11	101	17	0	0
96	860010755-5	ASOCIACIÓN COLOMBIANA DE COOPERATIVAS	ASCOOP	CUNDINAMARCA	1	2020	19	22	0	7	30	4	0	0
97	860010755-5	ASOCIACIÓN COLOMBIANA DE COOPERATIVAS	ASCOOP	CUNDINAMARCA	1	2020	184	137	0	19	270	32	0	0
98	860010755-5	ASOCIACIÓN COLOMBIANA DE COOPERATIVAS	ASCOOP	CUNDINAMARCA	1	2020	6	26	0	0	0	0	0	32
99	860010755-5	ASOCIACIÓN COLOMBIANA DE COOPERATIVAS	ASCOOP	CUNDINAMARCA	1	2020	65	61	0	13	104	9	0	0
100	860010755-5	ASOCIACIÓN COLOMBIANA DE COOPERATIVAS	ASCOOP	CUNDINAMARCA	1	2020	45	25	0	4	60	6	0	0
101	860010755-5	ASOCIACIÓN COLOMBIANA DE COOPERATIVAS	ASCOOP	CUNDINAMARCA	1	2020	36	36	0	1	57	14	0	0
102	801002867-3	ASOCIACIóN DE ENTIDADES DEL SECTOR DE LA ECONOMíA SOLIDARIA DEL QUINDíO Y NORTE DEL VALLE	QUINDIO SOLIDARIO	QUINDIO	1	2020	2	1	0	1	0	0	0	2
103	801002867-3	ASOCIACIóN DE ENTIDADES DEL SECTOR DE LA ECONOMíA SOLIDARIA DEL QUINDíO Y NORTE DEL VALLE	QUINDIO SOLIDARIO	QUINDIO	1	2020	13	1	0	0	0	0	0	14
104	801002867-3	ASOCIACIóN DE ENTIDADES DEL SECTOR DE LA ECONOMíA SOLIDARIA DEL QUINDíO Y NORTE DEL VALLE	QUINDIO SOLIDARIO	QUINDIO	1	2020	0	3	0	2	1	0	0	0
105	801002867-3	ASOCIACIóN DE ENTIDADES DEL SECTOR DE LA ECONOMíA SOLIDARIA DEL QUINDíO Y NORTE DEL VALLE	QUINDIO SOLIDARIO	QUINDIO	1	2020	13	10	0	6	8	5	2	2
106	801002867-3	ASOCIACIóN DE ENTIDADES DEL SECTOR DE LA ECONOMíA SOLIDARIA DEL QUINDíO Y NORTE DEL VALLE	QUINDIO SOLIDARIO	QUINDIO	1	2020	0	1	0	0	0	0	0	1
107	801002867-3	ASOCIACIóN DE ENTIDADES DEL SECTOR DE LA ECONOMíA SOLIDARIA DEL QUINDíO Y NORTE DEL VALLE	QUINDIO SOLIDARIO	QUINDIO	1	2020	0	1	0	0	0	0	0	1
108	801002867-3	ASOCIACIóN DE ENTIDADES DEL SECTOR DE LA ECONOMíA SOLIDARIA DEL QUINDíO Y NORTE DEL VALLE	QUINDIO SOLIDARIO	QUINDIO	1	2020	1	0	0	0	0	0	0	1
109	801002867-3	ASOCIACIóN DE ENTIDADES DEL SECTOR DE LA ECONOMíA SOLIDARIA DEL QUINDíO Y NORTE DEL VALLE	QUINDIO SOLIDARIO	QUINDIO	1	2020	17	9	0	0	0	0	0	26
110	801002867-3	ASOCIACIóN DE ENTIDADES DEL SECTOR DE LA ECONOMíA SOLIDARIA DEL QUINDíO Y NORTE DEL VALLE	QUINDIO SOLIDARIO	QUINDIO	1	2020	5	12	0	1	3	6	7	0
111	801002867-3	ASOCIACIóN DE ENTIDADES DEL SECTOR DE LA ECONOMíA SOLIDARIA DEL QUINDíO Y NORTE DEL VALLE	QUINDIO SOLIDARIO	QUINDIO	1	2020	14	0	0	0	0	0	0	14
112	801002867-3	ASOCIACIóN DE ENTIDADES DEL SECTOR DE LA ECONOMíA SOLIDARIA DEL QUINDíO Y NORTE DEL VALLE	QUINDIO SOLIDARIO	QUINDIO	1	2020	0	1	0	0	0	0	0	1
113	801002867-3	ASOCIACIóN DE ENTIDADES DEL SECTOR DE LA ECONOMíA SOLIDARIA DEL QUINDíO Y NORTE DEL VALLE	QUINDIO SOLIDARIO	QUINDIO	1	2020	26	33	0	0	0	0	0	59
114	900305447-3	ASOCIACION DE PRIMERAS DAMAS DE COLOMBIA	ASODAMAS	CUNDINAMARCA	1	2020	105	229	0	0	0	0	0	334
115	900699751-8	FUNDACION CEFIC	CEFIC	ATLÁNTICO	1	2020	0	20	0	0	0	0	0	20
116	890304469-5	CENTRAL DE COOPERATIVAS AGRARIAS - CENCOA	CENCOA	VALLE DEL CAUCA	1	2020	3	14	0	0	6	9	2	0
117	890304469-5	CENTRAL DE COOPERATIVAS AGRARIAS - CENCOA	CENCOA	VALLE DEL CAUCA	1	2020	4	4	0	0	2	5	1	0
118	900863040-2	INSTITUTO CENIS DE COLOMBIA	CENIS	BOYACÁ	1	2020	26	16	0	0	0	0	0	42
119	900863040-2	INSTITUTO CENIS DE COLOMBIA	CENIS	BOYACÁ	1	2020	29	19	0	0	0	0	0	48
120	900863040-2	INSTITUTO CENIS DE COLOMBIA	CENIS	BOYACÁ	1	2020	3	3	0	0	0	0	0	6
121	900863040-2	INSTITUTO CENIS DE COLOMBIA	CENIS	BOYACÁ	1	2020	26	11	0	0	0	0	0	37
122	830003183-4	CORPORACIóN DE INVESTIGACIONES ASESORíAS ALTOS ESTUDIOS EMPRESARIALES	CIAEM	CUNDINAMARCA	1	2020	4	2	0	0	0	0	0	6
123	860516999-8	CENTRAL DE INTEGRACIÓN Y CAPACITACIÓN COOPERATIVA	CINCOP	CUNDINAMARCA	1	2020	17	62	0	0	10	38	11	20
124	860516999-8	CENTRAL DE INTEGRACIÓN Y CAPACITACIÓN COOPERATIVA	CINCOP	CUNDINAMARCA	1	2020	46	45	0	9	37	30	9	6
125	860516999-8	CENTRAL DE INTEGRACIÓN Y CAPACITACIÓN COOPERATIVA	CINCOP	CUNDINAMARCA	1	2020	12	10	0	0	0	0	0	22
126	860516999-8	CENTRAL DE INTEGRACIÓN Y CAPACITACIÓN COOPERATIVA	CINCOP	CUNDINAMARCA	1	2020	73	123	0	1	24	20	3	148
127	860516999-8	CENTRAL DE INTEGRACIÓN Y CAPACITACIÓN COOPERATIVA	CINCOP	CUNDINAMARCA	1	2020	6	25	0	0	0	0	0	31
128	860516999-8	CENTRAL DE INTEGRACIÓN Y CAPACITACIÓN COOPERATIVA	CINCOP	CUNDINAMARCA	1	2020	18	16	0	4	19	11	0	0
129	860516999-8	CENTRAL DE INTEGRACIÓN Y CAPACITACIÓN COOPERATIVA	CINCOP	CUNDINAMARCA	1	2020	10	27	0	0	0	0	0	37
130	860516999-8	CENTRAL DE INTEGRACIÓN Y CAPACITACIÓN COOPERATIVA	CINCOP	CUNDINAMARCA	1	2020	7	19	0	0	9	14	2	1
131	860516999-8	CENTRAL DE INTEGRACIÓN Y CAPACITACIÓN COOPERATIVA	CINCOP	CUNDINAMARCA	1	2020	19	14	0	0	0	0	0	33
132	860516999-8	CENTRAL DE INTEGRACIÓN Y CAPACITACIÓN COOPERATIVA	CINCOP	CUNDINAMARCA	1	2020	8	15	0	0	0	0	0	23
133	860516999-8	CENTRAL DE INTEGRACIÓN Y CAPACITACIÓN COOPERATIVA	CINCOP	CUNDINAMARCA	1	2020	8	14	0	0	0	0	0	22
134	860516999-8	CENTRAL DE INTEGRACIÓN Y CAPACITACIÓN COOPERATIVA	CINCOP	CUNDINAMARCA	1	2020	16	28	0	0	0	0	0	44
135	860516999-8	CENTRAL DE INTEGRACIÓN Y CAPACITACIÓN COOPERATIVA	CINCOP	CUNDINAMARCA	1	2020	6	12	0	0	0	0	0	18
136	860516999-8	CENTRAL DE INTEGRACIÓN Y CAPACITACIÓN COOPERATIVA	CINCOP	CUNDINAMARCA	1	2020	6	11	0	0	0	0	0	17
137	860516999-8	CENTRAL DE INTEGRACIÓN Y CAPACITACIÓN COOPERATIVA	CINCOP	CUNDINAMARCA	1	2020	8	15	0	0	0	0	0	23
138	860516999-8	CENTRAL DE INTEGRACIÓN Y CAPACITACIÓN COOPERATIVA	CINCOP	CUNDINAMARCA	1	2020	8	18	0	0	0	0	0	26
139	860516999-8	CENTRAL DE INTEGRACIÓN Y CAPACITACIÓN COOPERATIVA	CINCOP	CUNDINAMARCA	1	2020	15	22	0	0	0	0	0	37
140	860516999-8	CENTRAL DE INTEGRACIÓN Y CAPACITACIÓN COOPERATIVA	CINCOP	CUNDINAMARCA	1	2020	6	8	0	0	0	0	0	14
141	860516999-8	CENTRAL DE INTEGRACIÓN Y CAPACITACIÓN COOPERATIVA	CINCOP	CUNDINAMARCA	1	2020	10	18	0	0	0	0	0	28
142	860516999-8	CENTRAL DE INTEGRACIÓN Y CAPACITACIÓN COOPERATIVA	CINCOP	CUNDINAMARCA	1	2020	7	25	0	0	0	0	0	32
143	860516999-8	CENTRAL DE INTEGRACIÓN Y CAPACITACIÓN COOPERATIVA	CINCOP	CUNDINAMARCA	1	2020	10	20	0	0	0	0	0	30
144	860516999-8	CENTRAL DE INTEGRACIÓN Y CAPACITACIÓN COOPERATIVA	CINCOP	CUNDINAMARCA	1	2020	13	17	0	0	0	0	0	30
145	860516999-8	CENTRAL DE INTEGRACIÓN Y CAPACITACIÓN COOPERATIVA	CINCOP	CUNDINAMARCA	1	2020	20	41	0	0	0	0	0	61
146	860516999-8	CENTRAL DE INTEGRACIÓN Y CAPACITACIÓN COOPERATIVA	CINCOP	CUNDINAMARCA	1	2020	72	108	0	5	6	15	2	152
147	860516999-8	CENTRAL DE INTEGRACIÓN Y CAPACITACIÓN COOPERATIVA	CINCOP	CUNDINAMARCA	1	2020	11	25	0	0	0	0	0	36
148	860516999-8	CENTRAL DE INTEGRACIÓN Y CAPACITACIÓN COOPERATIVA	CINCOP	CUNDINAMARCA	1	2020	16	33	0	0	0	0	0	49
149	860516999-8	CENTRAL DE INTEGRACIÓN Y CAPACITACIÓN COOPERATIVA	CINCOP	CUNDINAMARCA	1	2020	26	20	0	0	0	0	0	46
150	860516999-8	CENTRAL DE INTEGRACIÓN Y CAPACITACIÓN COOPERATIVA	CINCOP	CUNDINAMARCA	1	2020	40	51	0	0	0	0	0	91
151	860516999-8	CENTRAL DE INTEGRACIÓN Y CAPACITACIÓN COOPERATIVA	CINCOP	CUNDINAMARCA	1	2020	14	16	0	0	0	0	0	30
152	860516999-8	CENTRAL DE INTEGRACIÓN Y CAPACITACIÓN COOPERATIVA	CINCOP	CUNDINAMARCA	1	2020	35	56	0	0	0	0	0	91
153	860516999-8	CENTRAL DE INTEGRACIÓN Y CAPACITACIÓN COOPERATIVA	CINCOP	CUNDINAMARCA	1	2020	8	23	0	0	0	0	0	31
154	860516999-8	CENTRAL DE INTEGRACIÓN Y CAPACITACIÓN COOPERATIVA	CINCOP	CUNDINAMARCA	1	2020	17	32	0	0	0	0	0	49
155	811028537-7	CORPORACION CINFES	CINFES	ANTIOQUIA	1	2020	8	13	0	7	3	4	7	0
156	811028537-7	CORPORACION CINFES	CINFES	ANTIOQUIA	1	2020	23	13	0	6	5	13	12	0
157	811028537-7	CORPORACION CINFES	CINFES	ANTIOQUIA	1	2020	7	11	0	4	3	10	1	0
158	811028537-7	CORPORACION CINFES	CINFES	ANTIOQUIA	1	2020	34	1	0	21	12	2	0	0
159	811028537-7	CORPORACION CINFES	CINFES	ANTIOQUIA	1	2020	53	1	0	18	17	14	5	0
160	811028537-7	CORPORACION CINFES	CINFES	ANTIOQUIA	1	2020	19	0	0	10	3	1	5	0
161	811028537-7	CORPORACION CINFES	CINFES	ANTIOQUIA	1	2020	9	11	0	0	2	13	5	0
162	811028537-7	CORPORACION CINFES	CINFES	ANTIOQUIA	1	2020	38	7	0	11	2	11	21	0
163	811028537-7	CORPORACION CINFES	CINFES	ANTIOQUIA	1	2020	145	5	0	48	39	37	26	0
164	811028537-7	CORPORACION CINFES	CINFES	ANTIOQUIA	1	2020	10	7	0	1	4	7	5	0
165	811028537-7	CORPORACION CINFES	CINFES	ANTIOQUIA	1	2020	46	12	0	4	13	15	26	0
166	891201588-4	COOPERATIVA DEL MAGISTERIO DE TUQUERRES LTDA.	COACREMAT LDTA	NARIÑO	1	2020	12	27	4	2	8	20	5	0
167	805024678-7	CORPORACION PARA EL DESARROLLO EMPRESARIAL Y SOLIDARIO CODES	CODES	VALLE DEL CAUCA	1	2020	28	23	0	17	22	12	0	0
168	860026692-1	CENTRAL COOPERATIVA DE EDUCACIóN COEDUCAR	COEDUCAR	CUNDINAMARCA	1	2020	32	22	0	0	0	0	0	54
169	900966465-1	CORPORACIóN CONEXIóN SOLIDARIA	CONEXSOLIDARIA	ANTIOQUIA	1	2020	4	3	0	0	0	0	0	7
170	800015746-3	ASOCIACIÓN ANTIOQUEÑA DE COOPERATIVAS	CONFECOOP ANTIOQUIA	ANTIOQUIA	1	2020	32	18	0	0	0	0	0	50
171	800015746-3	ASOCIACIÓN ANTIOQUEÑA DE COOPERATIVAS	CONFECOOP ANTIOQUIA	ANTIOQUIA	1	2020	8	6	0	0	0	0	0	14
172	800015746-3	ASOCIACIÓN ANTIOQUEÑA DE COOPERATIVAS	CONFECOOP ANTIOQUIA	ANTIOQUIA	1	2020	0	1	0	0	1	0	0	0
173	800015746-3	ASOCIACIÓN ANTIOQUEÑA DE COOPERATIVAS	CONFECOOP ANTIOQUIA	ANTIOQUIA	1	2020	21	16	0	4	5	7	1	20
174	800015746-3	ASOCIACIÓN ANTIOQUEÑA DE COOPERATIVAS	CONFECOOP ANTIOQUIA	ANTIOQUIA	1	2020	12	7	0	7	5	7	0	0
175	800024309-6	 UNION COOPERATIVA DE CALDAS 	CONFECOOP CALDAS	CALDAS	1	2020	51	14	0	4	27	33	1	0
176	800024309-6	 UNION COOPERATIVA DE CALDAS 	CONFECOOP CALDAS	CALDAS	1	2020	18	9	0	3	7	10	1	6
177	800024309-6	 UNION COOPERATIVA DE CALDAS 	CONFECOOP CALDAS	CALDAS	1	2020	1	1	0	0	0	0	0	2
178	800024309-6	 UNION COOPERATIVA DE CALDAS 	CONFECOOP CALDAS	CALDAS	1	2020	13	8	0	0	1	5	11	4
179	800024309-6	 UNION COOPERATIVA DE CALDAS 	CONFECOOP CALDAS	CALDAS	1	2020	4	2	0	0	2	2	2	0
180	800024309-6	 UNION COOPERATIVA DE CALDAS 	CONFECOOP CALDAS	CALDAS	1	2020	26	7	0	0	12	20	0	1
181	800024309-6	 UNION COOPERATIVA DE CALDAS 	CONFECOOP CALDAS	CALDAS	1	2020	15	24	0	13	6	11	7	2
182	890481532-9	CENTRAL DE INTEGRACION COOPERATIVA DEL CARIBE	CONFECOOP CARIBE	BOLIVAR	1	2020	11	9	0	0	6	14	0	0
183	890481532-9	CENTRAL DE INTEGRACION COOPERATIVA DEL CARIBE	CONFECOOP CARIBE	BOLIVAR	1	2020	27	13	6	2	16	16	0	0
184	891501013-9	FEDERACIóN DE COOPERATIVAS DEL CAUCA	CONFECOOP CAUCA	CAUCA	1	2020	40	34	0	1	0	0	0	73
185	890505732-0	CONFEDERACION DE COOPERATIVAS DE NORTE DE SANTANDER	CONFECOOP NORTE	NORTE DE SANTANDER	1	2020	13	5	0	4	8	6	0	0
186	890505732-0	CONFEDERACION DE COOPERATIVAS DE NORTE DE SANTANDER	CONFECOOP NORTE	NORTE DE SANTANDER	1	2020	17	7	0	1	10	13	0	0
187	890505732-0	CONFEDERACION DE COOPERATIVAS DE NORTE DE SANTANDER	CONFECOOP NORTE	NORTE DE SANTANDER	1	2020	22	27	0	10	21	18	0	0
188	890505732-0	CONFEDERACION DE COOPERATIVAS DE NORTE DE SANTANDER	CONFECOOP NORTE	NORTE DE SANTANDER	1	2020	6	8	0	2	10	2	0	0
189	804007846-2	FEDERACION DE EMPRESAS DE ECONOMIA SOLIDARIA - CONFECOOP ORIENTE	CONFECOOP ORIENTE	SANTANDER	1	2020	27	5	0	0	0	0	0	32
190	804007846-2	FEDERACION DE EMPRESAS DE ECONOMIA SOLIDARIA - CONFECOOP ORIENTE	CONFECOOP ORIENTE	SANTANDER	1	2020	18	31	0	0	0	0	0	49
191	804007846-2	FEDERACION DE EMPRESAS DE ECONOMIA SOLIDARIA - CONFECOOP ORIENTE	CONFECOOP ORIENTE	SANTANDER	1	2020	8	23	0	0	0	0	0	31
192	804007846-2	FEDERACION DE EMPRESAS DE ECONOMIA SOLIDARIA - CONFECOOP ORIENTE	CONFECOOP ORIENTE	SANTANDER	1	2020	16	4	0	0	0	0	0	20
193	804007846-2	FEDERACION DE EMPRESAS DE ECONOMIA SOLIDARIA - CONFECOOP ORIENTE	CONFECOOP ORIENTE	SANTANDER	1	2020	15	26	0	0	0	0	0	41
194	804007846-2	FEDERACION DE EMPRESAS DE ECONOMIA SOLIDARIA - CONFECOOP ORIENTE	CONFECOOP ORIENTE	SANTANDER	1	2020	6	10	0	0	0	0	0	16
195	800186261-6	ASOCIACIÓN DE COOPERATIVAS DE RISARALDA	CONFECOOP RISARALDA	RISARALDA	1	2020	3	1	0	0	3	1	0	0
196	800186261-6	ASOCIACIÓN DE COOPERATIVAS DE RISARALDA	CONFECOOP RISARALDA	RISARALDA	1	2020	4	1	0	0	4	1	0	0
197	800186261-6	ASOCIACIÓN DE COOPERATIVAS DE RISARALDA	CONFECOOP RISARALDA	RISARALDA	1	2020	2	2	0	0	3	1	0	0
198	800186261-6	ASOCIACIÓN DE COOPERATIVAS DE RISARALDA	CONFECOOP RISARALDA	RISARALDA	1	2020	1	3	0	0	0	0	0	4
199	800186261-6	ASOCIACIÓN DE COOPERATIVAS DE RISARALDA	CONFECOOP RISARALDA	RISARALDA	1	2020	11	11	0	0	0	0	0	22
200	800186261-6	ASOCIACIÓN DE COOPERATIVAS DE RISARALDA	CONFECOOP RISARALDA	RISARALDA	1	2020	0	1	0	0	0	0	0	1
201	800186261-6	ASOCIACIÓN DE COOPERATIVAS DE RISARALDA	CONFECOOP RISARALDA	RISARALDA	1	2020	11	19	0	0	0	0	0	30
202	800186261-6	ASOCIACIÓN DE COOPERATIVAS DE RISARALDA	CONFECOOP RISARALDA	RISARALDA	1	2020	22	27	0	4	6	7	0	32
203	800186261-6	ASOCIACIÓN DE COOPERATIVAS DE RISARALDA	CONFECOOP RISARALDA	RISARALDA	1	2020	4	5	0	0	4	1	0	4
204	800186261-6	ASOCIACIÓN DE COOPERATIVAS DE RISARALDA	CONFECOOP RISARALDA	RISARALDA	1	2020	0	1	0	0	0	0	0	1
205	800186261-6	ASOCIACIÓN DE COOPERATIVAS DE RISARALDA	CONFECOOP RISARALDA	RISARALDA	1	2020	2	4	0	0	0	0	0	6
206	800186261-6	ASOCIACIÓN DE COOPERATIVAS DE RISARALDA	CONFECOOP RISARALDA	RISARALDA	1	2020	19	13	0	0	0	0	0	32
207	800186261-6	ASOCIACIÓN DE COOPERATIVAS DE RISARALDA	CONFECOOP RISARALDA	RISARALDA	1	2020	25	0	0	11	11	3	0	0
208	800186261-6	ASOCIACIÓN DE COOPERATIVAS DE RISARALDA	CONFECOOP RISARALDA	RISARALDA	1	2020	35	13	0	16	11	2	0	19
209	800186261-6	ASOCIACIÓN DE COOPERATIVAS DE RISARALDA	CONFECOOP RISARALDA	RISARALDA	1	2020	25	0	0	13	11	1	0	0
210	800186261-6	ASOCIACIÓN DE COOPERATIVAS DE RISARALDA	CONFECOOP RISARALDA	RISARALDA	1	2020	3	5	0	0	0	0	0	8
211	809002901-5	ASOCIACIÓN TOLIMENSE DE COOPERATIVAS	CONFECOOP TOLIMA	TOLIMA	1	2020	10	15	0	0	0	0	0	25
212	809002901-5	ASOCIACIÓN TOLIMENSE DE COOPERATIVAS	CONFECOOP TOLIMA	TOLIMA	1	2020	4	14	0	0	0	0	0	18
213	809002901-5	ASOCIACIÓN TOLIMENSE DE COOPERATIVAS	CONFECOOP TOLIMA	TOLIMA	1	2020	18	1	0	0	0	0	0	19
214	830505359-8	COOPERATIVA INTEGRAL PARA EL DESARROLLO AGROPECUARIO	COOAGRODIN	CESAR	1	2020	13	16	0	7	8	11	3	0
215	830505359-8	COOPERATIVA INTEGRAL PARA EL DESARROLLO AGROPECUARIO	COOAGRODIN	CESAR	1	2020	6	7	0	3	4	4	2	0
216	800000122-2	COOPERATIVA DE AHORRO Y CRéDITO COOMONóMEROS	COOMONÓMEROS	ATLÁNTICO	1	2020	32	24	0	0	0	0	0	56
217	800000122-2	COOPERATIVA DE AHORRO Y CRéDITO COOMONóMEROS	COOMONÓMEROS	ATLÁNTICO	1	2020	27	24	0	0	0	0	0	51
218	800000122-2	COOPERATIVA DE AHORRO Y CRéDITO COOMONóMEROS	COOMONÓMEROS	ATLÁNTICO	1	2020	44	25	0	0	0	0	0	69
219	804006750-1	INSTITUTO DE FORMACIóN Y DESARROLLO SOCIAL COOMULDESA I.A.C	COOMULDESA I.A.C	SANTANDER	1	2020	6	11	0	6	6	3	2	0
220	804006750-1	INSTITUTO DE FORMACIóN Y DESARROLLO SOCIAL COOMULDESA I.A.C	COOMULDESA I.A.C	SANTANDER	1	2020	13	13	0	2	12	9	3	0
221	804006750-1	INSTITUTO DE FORMACIóN Y DESARROLLO SOCIAL COOMULDESA I.A.C	COOMULDESA I.A.C	SANTANDER	1	2020	19	14	0	7	15	7	4	0
222	901284773-1	COOPERATIVA MULTIACTIVA DEL EJE	SINERGIACOOP	RISARALDA	1	2020	7	2	0	1	2	5	1	0
223	890803271-5	COOPERATIVA MULTIACTIVA SENA REGIONAL CALDAS	COOPESENA	CALDAS	1	2020	6	5	0	0	4	2	5	0
224	890803271-5	COOPERATIVA MULTIACTIVA SENA REGIONAL CALDAS	COOPESENA	CALDAS	1	2020	6	16	0	3	4	12	3	0
225	890803271-5	COOPERATIVA MULTIACTIVA SENA REGIONAL CALDAS	COOPESENA	CALDAS	1	2020	7	4	0	0	1	2	8	0
226	890803271-5	COOPERATIVA MULTIACTIVA SENA REGIONAL CALDAS	COOPESENA	CALDAS	1	2020	7	14	0	0	3	9	9	0
227	900528910-1	COOPHUMANA COOPERATIVA MULTIACTIVA DE APORTE Y CREDITO	COOPHUMANA	ATLÁNTICO	1	2020	104	74	0	0	0	0	0	178
228	860014871-1	COOPERATIVA MULTIACTIVA DEL PERSONAL DEL SENA	COOPSENA	CUNDINAMARCA	1	2020	22	11	0	0	9	22	2	0
229	860014871-1	COOPERATIVA MULTIACTIVA DEL PERSONAL DEL SENA	COOPSENA	CUNDINAMARCA	1	2020	19	17	0	0	9	25	2	0
230	860014871-1	COOPERATIVA MULTIACTIVA DEL PERSONAL DEL SENA	COOPSENA	CUNDINAMARCA	1	2020	5	6	0	0	3	7	1	0
231	860014871-1	COOPERATIVA MULTIACTIVA DEL PERSONAL DEL SENA	COOPSENA	CUNDINAMARCA	1	2020	4	2	0	0	2	3	1	0
232	860014871-1	COOPERATIVA MULTIACTIVA DEL PERSONAL DEL SENA	COOPSENA	CUNDINAMARCA	1	2020	4	1	0	0	2	2	1	0
233	860014871-1	COOPERATIVA MULTIACTIVA DEL PERSONAL DEL SENA	COOPSENA	CUNDINAMARCA	1	2020	3	5	0	0	2	5	1	0
234	891900492-5	COPROCENVA COOPERATIVA DE AHORRO Y CREDITO	COPROCENVA	VALLE DEL CAUCA	1	2020	24	16	1	4	11	15	9	0
235	891900492-5	COPROCENVA COOPERATIVA DE AHORRO Y CREDITO	COPROCENVA	VALLE DEL CAUCA	1	2020	1	5	0	2	1	3	0	0
236	891900492-5	COPROCENVA COOPERATIVA DE AHORRO Y CREDITO	COPROCENVA	VALLE DEL CAUCA	1	2020	18	34	4	0	17	28	3	0
237	891900492-5	COPROCENVA COOPERATIVA DE AHORRO Y CREDITO	COPROCENVA	VALLE DEL CAUCA	1	2020	0	1	0	0	0	1	0	0
238	891900492-5	COPROCENVA COOPERATIVA DE AHORRO Y CREDITO	COPROCENVA	VALLE DEL CAUCA	1	2020	2	2	0	0	0	2	2	0
239	891900492-5	COPROCENVA COOPERATIVA DE AHORRO Y CREDITO	COPROCENVA	VALLE DEL CAUCA	1	2020	1	0	0	1	0	0	0	0
240	891900492-5	COPROCENVA COOPERATIVA DE AHORRO Y CREDITO	COPROCENVA	VALLE DEL CAUCA	1	2020	12	11	2	5	5	10	1	0
241	891900492-5	COPROCENVA COOPERATIVA DE AHORRO Y CREDITO	COPROCENVA	VALLE DEL CAUCA	1	2020	2	5	0	3	3	1	0	0
242	891900492-5	COPROCENVA COOPERATIVA DE AHORRO Y CREDITO	COPROCENVA	VALLE DEL CAUCA	1	2020	13	17	1	7	13	6	3	0
243	891900492-5	COPROCENVA COOPERATIVA DE AHORRO Y CREDITO	COPROCENVA	VALLE DEL CAUCA	1	2020	12	24	3	4	15	13	1	0
244	900454027-1	CORPORACIÓN CENTRO DE ESTUDIOS SOLIDARIOS	CORJIREH	CUNDINAMARCA	1	2020	5	2	0	0	3	4	0	0
245	900325303-7	CORPORACIÓN TALENTO SOLIDARIO EMPRESARIAL	CORTALENTO	ANTIOQUIA	1	2020	23	35	2	1	14	25	16	0
246	830146621-2	DINAMIZAR SOLUCIONES	DINAMIZAR	CUNDINAMARCA	1	2020	2	8	0	0	1	6	3	0
247	830146621-2	DINAMIZAR SOLUCIONES	DINAMIZAR	CUNDINAMARCA	1	2020	57	20	0	8	34	34	1	0
248	830146621-2	DINAMIZAR SOLUCIONES	DINAMIZAR	CUNDINAMARCA	1	2020	11	6	0	12	4	1	0	0
249	860007647-7	FEBOR ENTIDAD COOPERATIVA	FEBOR	CUNDINAMARCA	1	2020	1	0	0	0	0	0	0	1
250	860007647-7	FEBOR ENTIDAD COOPERATIVA	FEBOR	CUNDINAMARCA	1	2020	0	1	0	0	0	0	0	1
251	900258886-1	FUNDACIóN FONDECOM	FONDECOM	VALLE DEL CAUCA	1	2020	1	18	0	0	0	0	0	19
252	900258886-1	FUNDACIóN FONDECOM	FONDECOM	VALLE DEL CAUCA	1	2020	28	82	0	0	0	0	0	110
253	900258886-1	FUNDACIóN FONDECOM	FONDECOM	VALLE DEL CAUCA	1	2020	4	29	0	0	0	0	0	33
254	900258886-1	FUNDACIóN FONDECOM	FONDECOM	VALLE DEL CAUCA	1	2020	18	15	0	0	0	0	0	33
255	900261022-6	FORMADORES CORPORACIÓN	FORMADORES CORPORACIÓN	HUILA	1	2020	4	4	0	1	1	4	2	0
256	900261022-6	FORMADORES CORPORACIÓN	FORMADORES CORPORACIÓN	HUILA	1	2020	17	8	0	2	9	11	2	1
257	900261022-6	FORMADORES CORPORACIÓN	FORMADORES CORPORACIÓN	HUILA	1	2020	17	3	1	0	0	3	0	16
258	900261022-6	FORMADORES CORPORACIÓN	FORMADORES CORPORACIÓN	HUILA	1	2020	3	0	0	0	1	0	2	0
259	900261022-6	FORMADORES CORPORACIÓN	FORMADORES CORPORACIÓN	HUILA	1	2020	78	18	0	22	20	21	2	31
260	900261022-6	FORMADORES CORPORACIÓN	FORMADORES CORPORACIÓN	HUILA	1	2020	17	8	0	1	11	13	0	0
261	900261022-6	FORMADORES CORPORACIÓN	FORMADORES CORPORACIÓN	HUILA	1	2020	46	1	0	16	16	13	0	2
262	900261022-6	FORMADORES CORPORACIÓN	FORMADORES CORPORACIÓN	HUILA	1	2020	12	0	0	3	4	4	0	1
263	900261022-6	FORMADORES CORPORACIÓN	FORMADORES CORPORACIÓN	HUILA	1	2020	9	0	0	0	4	3	2	0
264	900261022-6	FORMADORES CORPORACIÓN	FORMADORES CORPORACIÓN	HUILA	1	2020	3	0	0	0	0	0	0	3
265	900261022-6	FORMADORES CORPORACIÓN	FORMADORES CORPORACIÓN	HUILA	1	2020	27	3	0	7	10	8	1	4
266	830108405-6	FUNDACION JACOB ENDO OME	FUNDACION JACOB ENDO OME	CUNDINAMARCA	1	2020	15	10	0	0	0	0	0	25
267	900422757-2	FUNDACIóN SER SOCIAL	FUNDACIóN SER SOCIAL	BOLIVAR	1	2020	6	22	5	3	13	7	0	0
268	800187151-9	FUNDACIÓN UNIVERSITARIA DEL VALLE	FUV	VALLE DEL CAUCA	1	2020	2	8	0	0	3	7	0	0
269	800187151-9	FUNDACIÓN UNIVERSITARIA DEL VALLE	FUV	VALLE DEL CAUCA	1	2020	11	19	0	1	10	16	2	1
270	800187151-9	FUNDACIÓN UNIVERSITARIA DEL VALLE	FUV	VALLE DEL CAUCA	1	2020	0	32	0	0	10	20	2	0
271	900080171-8	FUNDACIÓN SOCIAL VIDAL FORERO	FSVF	TOLIMA	1	2020	8	12	0	0	0	0	0	20
272	900080171-8	FUNDACIÓN SOCIAL VIDAL FORERO	FSVF	TOLIMA	1	2020	8	13	0	0	0	0	0	21
273	824004303-4	FUNDACIÓN PARA EL DESARROLLO SOCIOEMPRESARIAL Y TECNOLÓGICO DEL CARIBE	FUNDESCAR	CESAR	1	2020	6	14	0	1	9	9	1	0
274	824004303-4	FUNDACIÓN PARA EL DESARROLLO SOCIOEMPRESARIAL Y TECNOLÓGICO DEL CARIBE	FUNDESCAR	CESAR	1	2020	16	16	0	1	9	9	5	8
275	824004303-4	FUNDACIÓN PARA EL DESARROLLO SOCIOEMPRESARIAL Y TECNOLÓGICO DEL CARIBE	FUNDESCAR	CESAR	1	2020	10	10	0	3	6	5	6	0
276	811027728-2	FUNDACIÓN SOLIDARIA ORIENTE ANTIOQUEÑO-FUSOAN	FUSOAN	ANTIOQUIA	1	2020	11	11	0	0	0	0	0	22
277	811027728-2	FUNDACIÓN SOLIDARIA ORIENTE ANTIOQUEÑO-FUSOAN	FUSOAN	ANTIOQUIA	1	2020	1	0	0	0	0	0	0	1
278	811027728-2	FUNDACIÓN SOLIDARIA ORIENTE ANTIOQUEÑO-FUSOAN	FUSOAN	ANTIOQUIA	1	2020	1	0	0	0	0	0	0	1
279	811027728-2	FUNDACIÓN SOLIDARIA ORIENTE ANTIOQUEÑO-FUSOAN	FUSOAN	ANTIOQUIA	1	2020	3	29	0	0	0	0	0	32
280	811027728-2	FUNDACIÓN SOLIDARIA ORIENTE ANTIOQUEÑO-FUSOAN	FUSOAN	ANTIOQUIA	1	2020	5	33	0	0	0	0	0	38
281	811027728-2	FUNDACIÓN SOLIDARIA ORIENTE ANTIOQUEÑO-FUSOAN	FUSOAN	ANTIOQUIA	1	2020	13	11	0	0	0	0	0	24
282	830032059-2	GRUPO EMPRESARIAL SOLIDARIO	GRUPO GES	CUNDINAMARCA	1	2020	6	10	1	1	9	5	0	0
283	830032059-2	GRUPO EMPRESARIAL SOLIDARIO	GRUPO GES	CUNDINAMARCA	1	2020	38	36	0	15	23	36	0	0
284	830032059-2	GRUPO EMPRESARIAL SOLIDARIO	GRUPO GES	CUNDINAMARCA	1	2020	12	17	0	6	5	18	0	0
285	830032059-2	GRUPO EMPRESARIAL SOLIDARIO	GRUPO GES	CUNDINAMARCA	1	2020	1	0	0	0	1	0	0	0
286	830032059-2	GRUPO EMPRESARIAL SOLIDARIO	GRUPO GES	CUNDINAMARCA	1	2020	0	1	0	0	0	1	0	0
287	830032059-2	GRUPO EMPRESARIAL SOLIDARIO	GRUPO GES	CUNDINAMARCA	1	2020	1	0	0	0	1	0	0	0
288	830032059-2	GRUPO EMPRESARIAL SOLIDARIO	GRUPO GES	CUNDINAMARCA	1	2020	1	0	0	0	1	0	0	0
289	830032059-2	GRUPO EMPRESARIAL SOLIDARIO	GRUPO GES	CUNDINAMARCA	1	2020	1	0	0	0	1	0	0	0
290	830032059-2	GRUPO EMPRESARIAL SOLIDARIO	GRUPO GES	CUNDINAMARCA	1	2020	1	0	0	1	0	0	0	0
291	830032059-2	GRUPO EMPRESARIAL SOLIDARIO	GRUPO GES	CUNDINAMARCA	1	2020	1	0	0	0	0	1	0	0
292	830032059-2	GRUPO EMPRESARIAL SOLIDARIO	GRUPO GES	CUNDINAMARCA	1	2020	1	2	0	1	1	1	0	0
293	830032059-2	GRUPO EMPRESARIAL SOLIDARIO	GRUPO GES	CUNDINAMARCA	1	2020	14	15	0	6	11	12	0	0
294	830032059-2	GRUPO EMPRESARIAL SOLIDARIO	GRUPO GES	CUNDINAMARCA	1	2020	1	0	0	0	0	1	0	0
295	830032059-2	GRUPO EMPRESARIAL SOLIDARIO	GRUPO GES	CUNDINAMARCA	1	2020	0	1	0	0	1	0	0	0
296	830032059-2	GRUPO EMPRESARIAL SOLIDARIO	GRUPO GES	CUNDINAMARCA	1	2020	0	1	0	0	1	0	0	0
297	830032059-2	GRUPO EMPRESARIAL SOLIDARIO	GRUPO GES	CUNDINAMARCA	1	2020	0	1	0	0	0	1	0	0
298	830032059-2	GRUPO EMPRESARIAL SOLIDARIO	GRUPO GES	CUNDINAMARCA	1	2020	0	1	0	0	1	0	0	0
299	830032059-2	GRUPO EMPRESARIAL SOLIDARIO	GRUPO GES	CUNDINAMARCA	1	2020	1	0	0	0	0	1	0	0
300	830032059-2	GRUPO EMPRESARIAL SOLIDARIO	GRUPO GES	CUNDINAMARCA	1	2020	1	0	0	0	1	0	0	0
301	830032059-2	GRUPO EMPRESARIAL SOLIDARIO	GRUPO GES	CUNDINAMARCA	1	2020	21	11	1	6	14	11	0	0
302	830032059-2	GRUPO EMPRESARIAL SOLIDARIO	GRUPO GES	CUNDINAMARCA	1	2020	1	0	0	0	0	1	0	0
303	830032059-2	GRUPO EMPRESARIAL SOLIDARIO	GRUPO GES	CUNDINAMARCA	1	2020	3	3	0	0	2	4	0	0
304	830032059-2	GRUPO EMPRESARIAL SOLIDARIO	GRUPO GES	CUNDINAMARCA	1	2020	7	9	0	4	7	5	0	0
305	830032059-2	GRUPO EMPRESARIAL SOLIDARIO	GRUPO GES	CUNDINAMARCA	1	2020	0	1	0	0	0	1	0	0
306	830032059-2	GRUPO EMPRESARIAL SOLIDARIO	GRUPO GES	CUNDINAMARCA	1	2020	12	2	0	5	4	5	0	0
307	830032059-2	GRUPO EMPRESARIAL SOLIDARIO	GRUPO GES	CUNDINAMARCA	1	2020	7	12	0	3	7	9	0	0
308	830032059-2	GRUPO EMPRESARIAL SOLIDARIO	GRUPO GES	CUNDINAMARCA	1	2020	1	1	0	1	0	1	0	0
309	830032059-2	GRUPO EMPRESARIAL SOLIDARIO	GRUPO GES	CUNDINAMARCA	1	2020	1	1	0	0	1	1	0	0
310	830032059-2	GRUPO EMPRESARIAL SOLIDARIO	GRUPO GES	CUNDINAMARCA	1	2020	1	0	0	0	1	0	0	0
311	830032059-2	GRUPO EMPRESARIAL SOLIDARIO	GRUPO GES	CUNDINAMARCA	1	2020	22	45	0	20	27	20	0	0
312	830032059-2	GRUPO EMPRESARIAL SOLIDARIO	GRUPO GES	CUNDINAMARCA	1	2020	9	22	0	6	13	12	0	0
313	830032059-2	GRUPO EMPRESARIAL SOLIDARIO	GRUPO GES	CUNDINAMARCA	1	2020	1	0	0	0	0	1	0	0
314	830032059-2	GRUPO EMPRESARIAL SOLIDARIO	GRUPO GES	CUNDINAMARCA	1	2020	17	8	0	5	11	9	0	0
315	830032059-2	GRUPO EMPRESARIAL SOLIDARIO	GRUPO GES	CUNDINAMARCA	1	2020	1	1	0	1	1	0	0	0
316	830032059-2	GRUPO EMPRESARIAL SOLIDARIO	GRUPO GES	CUNDINAMARCA	1	2020	0	1	0	0	0	1	0	0
317	830032059-2	GRUPO EMPRESARIAL SOLIDARIO	GRUPO GES	CUNDINAMARCA	1	2020	0	1	0	0	1	0	0	0
318	860075780-9	COOPERATIVA DEL SISTEMA NACIONAL DE JUSTICIA JURISCOOP	JURISCOOP	CUNDINAMARCA	1	2020	8	17	1	0	7	7	9	1
319	860075780-9	COOPERATIVA DEL SISTEMA NACIONAL DE JUSTICIA JURISCOOP	JURISCOOP	CUNDINAMARCA	1	2020	14	20	1	1	2	22	8	0
320	860075780-9	COOPERATIVA DEL SISTEMA NACIONAL DE JUSTICIA JURISCOOP	JURISCOOP	CUNDINAMARCA	1	2020	9	16	0	0	0	17	8	0
321	860075780-9	COOPERATIVA DEL SISTEMA NACIONAL DE JUSTICIA JURISCOOP	JURISCOOP	CUNDINAMARCA	1	2020	17	23	0	0	3	27	10	0
322	860075780-9	COOPERATIVA DEL SISTEMA NACIONAL DE JUSTICIA JURISCOOP	JURISCOOP	CUNDINAMARCA	1	2020	13	17	0	1	4	18	7	0
323	860075780-9	COOPERATIVA DEL SISTEMA NACIONAL DE JUSTICIA JURISCOOP	JURISCOOP	CUNDINAMARCA	1	2020	20	18	1	3	4	23	7	0
324	860075780-9	COOPERATIVA DEL SISTEMA NACIONAL DE JUSTICIA JURISCOOP	JURISCOOP	CUNDINAMARCA	1	2020	13	39	0	0	0	4	2	46
325	860075780-9	COOPERATIVA DEL SISTEMA NACIONAL DE JUSTICIA JURISCOOP	JURISCOOP	CUNDINAMARCA	1	2020	14	20	0	2	2	22	8	0
326	860075780-9	COOPERATIVA DEL SISTEMA NACIONAL DE JUSTICIA JURISCOOP	JURISCOOP	CUNDINAMARCA	1	2020	11	18	0	1	4	19	5	0
327	860075780-9	COOPERATIVA DEL SISTEMA NACIONAL DE JUSTICIA JURISCOOP	JURISCOOP	CUNDINAMARCA	1	2020	14	24	0	1	2	22	13	0
328	860075780-9	COOPERATIVA DEL SISTEMA NACIONAL DE JUSTICIA JURISCOOP	JURISCOOP	CUNDINAMARCA	1	2020	13	12	0	1	4	11	9	0
329	860075780-9	COOPERATIVA DEL SISTEMA NACIONAL DE JUSTICIA JURISCOOP	JURISCOOP	CUNDINAMARCA	1	2020	13	12	0	0	5	16	3	1
330	860075780-9	COOPERATIVA DEL SISTEMA NACIONAL DE JUSTICIA JURISCOOP	JURISCOOP	CUNDINAMARCA	1	2020	11	28	0	1	3	22	4	9
331	860075780-9	COOPERATIVA DEL SISTEMA NACIONAL DE JUSTICIA JURISCOOP	JURISCOOP	CUNDINAMARCA	1	2020	14	36	0	0	6	30	14	0
332	860075780-9	COOPERATIVA DEL SISTEMA NACIONAL DE JUSTICIA JURISCOOP	JURISCOOP	CUNDINAMARCA	1	2020	16	16	0	1	9	22	0	0
333	860075780-9	COOPERATIVA DEL SISTEMA NACIONAL DE JUSTICIA JURISCOOP	JURISCOOP	CUNDINAMARCA	1	2020	6	9	0	1	3	5	6	0
334	860075780-9	COOPERATIVA DEL SISTEMA NACIONAL DE JUSTICIA JURISCOOP	JURISCOOP	CUNDINAMARCA	1	2020	11	15	0	0	4	11	11	0
335	800114798-0	ORGANISMO COOPERATIVO MICROEMPRESARIAL DE COLOMBIA - EMPRENDER	EMPRENDER	CUNDINAMARCA	1	2020	68	91	0	0	0	0	0	159
336	800114798-0	ORGANISMO COOPERATIVO MICROEMPRESARIAL DE COLOMBIA - EMPRENDER	EMPRENDER	CUNDINAMARCA	1	2020	8	18	0	0	0	0	0	26
337	830053439-8	CORPORACIÓN LATINOAMERICANA PARA EL DESARROLLO DEL EMPRENDIMIENTO ASOCIATIVO LA CIENCIA Y LA TECNOLOGIA	LEXCOM	CUNDINAMARCA	1	2020	19	16	0	2	13	11	9	0
338	830053439-8	CORPORACIÓN LATINOAMERICANA PARA EL DESARROLLO DEL EMPRENDIMIENTO ASOCIATIVO LA CIENCIA Y LA TECNOLOGIA	LEXCOM	CUNDINAMARCA	1	2020	24	57	0	12	38	27	4	0
339	830053439-8	CORPORACIÓN LATINOAMERICANA PARA EL DESARROLLO DEL EMPRENDIMIENTO ASOCIATIVO LA CIENCIA Y LA TECNOLOGIA	LEXCOM	CUNDINAMARCA	1	2020	27	7	0	4	15	6	9	0
340	830053439-8	CORPORACIÓN LATINOAMERICANA PARA EL DESARROLLO DEL EMPRENDIMIENTO ASOCIATIVO LA CIENCIA Y LA TECNOLOGIA	LEXCOM	CUNDINAMARCA	1	2020	6	10	0	0	5	9	2	0
341	830053439-8	CORPORACIÓN LATINOAMERICANA PARA EL DESARROLLO DEL EMPRENDIMIENTO ASOCIATIVO LA CIENCIA Y LA TECNOLOGIA	LEXCOM	CUNDINAMARCA	1	2020	17	33	0	11	26	11	2	0
342	830053439-8	CORPORACIÓN LATINOAMERICANA PARA EL DESARROLLO DEL EMPRENDIMIENTO ASOCIATIVO LA CIENCIA Y LA TECNOLOGIA	LEXCOM	CUNDINAMARCA	1	2020	4	4	0	4	1	3	0	0
343	830053439-8	CORPORACIÓN LATINOAMERICANA PARA EL DESARROLLO DEL EMPRENDIMIENTO ASOCIATIVO LA CIENCIA Y LA TECNOLOGIA	LEXCOM	CUNDINAMARCA	1	2020	50	172	1	51	98	61	11	0
344	830053439-8	CORPORACIÓN LATINOAMERICANA PARA EL DESARROLLO DEL EMPRENDIMIENTO ASOCIATIVO LA CIENCIA Y LA TECNOLOGIA	LEXCOM	CUNDINAMARCA	1	2020	4	10	0	5	4	5	0	0
345	830053439-8	CORPORACIÓN LATINOAMERICANA PARA EL DESARROLLO DEL EMPRENDIMIENTO ASOCIATIVO LA CIENCIA Y LA TECNOLOGIA	LEXCOM	CUNDINAMARCA	1	2020	4	17	1	5	11	4	0	0
346	800163130-0	UNIVERSIDAD FRANCISCO DE PAULA SANTANDER OCAÑA	UFPSO	NORTE DE SANTANDER	1	2020	15	23	0	8	0	0	0	30
347	800163130-0	UNIVERSIDAD FRANCISCO DE PAULA SANTANDER OCAÑA	UFPSO	NORTE DE SANTANDER	1	2020	4	16	0	10	9	1	0	0
348	800163130-0	UNIVERSIDAD FRANCISCO DE PAULA SANTANDER OCAÑA	UFPSO	NORTE DE SANTANDER	1	2020	0	1	0	0	0	0	0	1
349	800163130-0	UNIVERSIDAD FRANCISCO DE PAULA SANTANDER OCAÑA	UFPSO	NORTE DE SANTANDER	1	2020	0	1	0	0	0	0	0	1
350	800163130-0	UNIVERSIDAD FRANCISCO DE PAULA SANTANDER OCAÑA	UFPSO	NORTE DE SANTANDER	1	2020	0	1	0	0	0	0	0	1
351	800163130-0	UNIVERSIDAD FRANCISCO DE PAULA SANTANDER OCAÑA	UFPSO	NORTE DE SANTANDER	1	2020	0	1	0	0	0	0	0	1
352	800163130-0	UNIVERSIDAD FRANCISCO DE PAULA SANTANDER OCAÑA	UFPSO	NORTE DE SANTANDER	1	2020	0	1	0	0	0	0	0	1
353	800163130-0	UNIVERSIDAD FRANCISCO DE PAULA SANTANDER OCAÑA	UFPSO	NORTE DE SANTANDER	1	2020	39	26	0	0	0	0	0	65
354	800163130-0	UNIVERSIDAD FRANCISCO DE PAULA SANTANDER OCAÑA	UFPSO	NORTE DE SANTANDER	1	2020	0	1	0	0	0	0	0	1
355	800163130-0	UNIVERSIDAD FRANCISCO DE PAULA SANTANDER OCAÑA	UFPSO	NORTE DE SANTANDER	1	2020	0	1	0	0	0	0	0	1
356	800163130-0	UNIVERSIDAD FRANCISCO DE PAULA SANTANDER OCAÑA	UFPSO	NORTE DE SANTANDER	1	2020	0	1	0	0	0	0	0	1
357	800163130-0	UNIVERSIDAD FRANCISCO DE PAULA SANTANDER OCAÑA	UFPSO	NORTE DE SANTANDER	1	2020	1	0	0	0	0	0	0	1
358	800163130-0	UNIVERSIDAD FRANCISCO DE PAULA SANTANDER OCAÑA	UFPSO	NORTE DE SANTANDER	1	2020	0	1	0	0	0	0	0	1
359	800163130-0	UNIVERSIDAD FRANCISCO DE PAULA SANTANDER OCAÑA	UFPSO	NORTE DE SANTANDER	1	2020	1	0	0	0	0	0	0	1
360	800163130-0	UNIVERSIDAD FRANCISCO DE PAULA SANTANDER OCAÑA	UFPSO	NORTE DE SANTANDER	1	2020	0	1	0	0	0	0	0	1
361	800163130-0	UNIVERSIDAD FRANCISCO DE PAULA SANTANDER OCAÑA	UFPSO	NORTE DE SANTANDER	1	2020	0	1	0	0	0	0	0	1
362	800163130-0	UNIVERSIDAD FRANCISCO DE PAULA SANTANDER OCAÑA	UFPSO	NORTE DE SANTANDER	1	2020	0	1	0	0	0	0	0	1
363	800163130-0	UNIVERSIDAD FRANCISCO DE PAULA SANTANDER OCAÑA	UFPSO	NORTE DE SANTANDER	1	2020	1	0	0	0	0	0	0	1
364	800163130-0	UNIVERSIDAD FRANCISCO DE PAULA SANTANDER OCAÑA	UFPSO	NORTE DE SANTANDER	1	2020	0	1	0	0	0	0	0	1
365	800163130-0	UNIVERSIDAD FRANCISCO DE PAULA SANTANDER OCAÑA	UFPSO	NORTE DE SANTANDER	1	2020	0	1	0	0	0	0	0	1
366	800163130-0	UNIVERSIDAD FRANCISCO DE PAULA SANTANDER OCAÑA	UFPSO	NORTE DE SANTANDER	1	2020	0	1	0	0	0	0	0	1
367	800163130-0	UNIVERSIDAD FRANCISCO DE PAULA SANTANDER OCAÑA	UFPSO	NORTE DE SANTANDER	1	2020	1	0	0	0	0	0	0	1
368	800163130-0	UNIVERSIDAD FRANCISCO DE PAULA SANTANDER OCAÑA	UFPSO	NORTE DE SANTANDER	1	2020	0	1	0	0	0	0	0	1
369	800163130-0	UNIVERSIDAD FRANCISCO DE PAULA SANTANDER OCAÑA	UFPSO	NORTE DE SANTANDER	1	2020	0	1	0	0	0	0	0	1
370	800163130-0	UNIVERSIDAD FRANCISCO DE PAULA SANTANDER OCAÑA	UFPSO	NORTE DE SANTANDER	1	2020	0	1	0	0	0	0	0	1
371	800163130-0	UNIVERSIDAD FRANCISCO DE PAULA SANTANDER OCAÑA	UFPSO	NORTE DE SANTANDER	1	2020	0	1	0	0	0	0	0	1
372	800163130-0	UNIVERSIDAD FRANCISCO DE PAULA SANTANDER OCAÑA	UFPSO	NORTE DE SANTANDER	1	2020	0	1	0	0	0	0	0	1
373	800163130-0	UNIVERSIDAD FRANCISCO DE PAULA SANTANDER OCAÑA	UFPSO	NORTE DE SANTANDER	1	2020	0	1	0	0	0	0	0	1
374	800163130-0	UNIVERSIDAD FRANCISCO DE PAULA SANTANDER OCAÑA	UFPSO	NORTE DE SANTANDER	1	2020	0	1	0	0	0	0	0	1
375	800163130-0	UNIVERSIDAD FRANCISCO DE PAULA SANTANDER OCAÑA	UFPSO	NORTE DE SANTANDER	1	2020	0	1	0	0	0	0	0	1
376	800163130-0	UNIVERSIDAD FRANCISCO DE PAULA SANTANDER OCAÑA	UFPSO	NORTE DE SANTANDER	1	2020	0	1	0	0	0	0	0	1
377	800163130-0	UNIVERSIDAD FRANCISCO DE PAULA SANTANDER OCAÑA	UFPSO	NORTE DE SANTANDER	1	2020	0	1	0	0	0	0	0	1
378	800163130-0	UNIVERSIDAD FRANCISCO DE PAULA SANTANDER OCAÑA	UFPSO	NORTE DE SANTANDER	1	2020	1	0	0	0	0	0	0	1
379	800163130-0	UNIVERSIDAD FRANCISCO DE PAULA SANTANDER OCAÑA	UFPSO	NORTE DE SANTANDER	1	2020	0	1	0	0	0	0	0	1
380	800163130-0	UNIVERSIDAD FRANCISCO DE PAULA SANTANDER OCAÑA	UFPSO	NORTE DE SANTANDER	1	2020	1	0	0	0	0	0	0	1
381	800163130-0	UNIVERSIDAD FRANCISCO DE PAULA SANTANDER OCAÑA	UFPSO	NORTE DE SANTANDER	1	2020	1	0	0	0	0	0	0	1
382	800163130-0	UNIVERSIDAD FRANCISCO DE PAULA SANTANDER OCAÑA	UFPSO	NORTE DE SANTANDER	1	2020	0	1	0	0	0	0	0	1
383	800163130-0	UNIVERSIDAD FRANCISCO DE PAULA SANTANDER OCAÑA	UFPSO	NORTE DE SANTANDER	1	2020	1	0	0	0	0	0	0	1
384	800163130-0	UNIVERSIDAD FRANCISCO DE PAULA SANTANDER OCAÑA	UFPSO	NORTE DE SANTANDER	1	2020	1	0	0	0	0	0	0	1
385	800163130-0	UNIVERSIDAD FRANCISCO DE PAULA SANTANDER OCAÑA	UFPSO	NORTE DE SANTANDER	1	2020	0	1	0	0	0	0	0	1
386	800163130-0	UNIVERSIDAD FRANCISCO DE PAULA SANTANDER OCAÑA	UFPSO	NORTE DE SANTANDER	1	2020	1	0	0	0	0	0	0	1
387	800163130-0	UNIVERSIDAD FRANCISCO DE PAULA SANTANDER OCAÑA	UFPSO	NORTE DE SANTANDER	1	2020	0	1	0	0	0	0	0	1
388	800163130-0	UNIVERSIDAD FRANCISCO DE PAULA SANTANDER OCAÑA	UFPSO	NORTE DE SANTANDER	1	2020	0	1	0	0	0	0	0	1
389	800163130-0	UNIVERSIDAD FRANCISCO DE PAULA SANTANDER OCAÑA	UFPSO	NORTE DE SANTANDER	1	2020	1	0	0	0	0	0	0	1
390	800163130-0	UNIVERSIDAD FRANCISCO DE PAULA SANTANDER OCAÑA	UFPSO	NORTE DE SANTANDER	1	2020	1	0	0	0	0	0	0	1
391	800163130-0	UNIVERSIDAD FRANCISCO DE PAULA SANTANDER OCAÑA	UFPSO	NORTE DE SANTANDER	1	2020	0	1	0	0	0	0	0	1
392	800163130-0	UNIVERSIDAD FRANCISCO DE PAULA SANTANDER OCAÑA	UFPSO	NORTE DE SANTANDER	1	2020	1	0	0	0	0	0	0	1
393	800163130-0	UNIVERSIDAD FRANCISCO DE PAULA SANTANDER OCAÑA	UFPSO	NORTE DE SANTANDER	1	2020	1	0	0	0	0	0	0	1
394	800163130-0	UNIVERSIDAD FRANCISCO DE PAULA SANTANDER OCAÑA	UFPSO	NORTE DE SANTANDER	1	2020	1	0	0	0	0	0	0	1
395	800163130-0	UNIVERSIDAD FRANCISCO DE PAULA SANTANDER OCAÑA	UFPSO	NORTE DE SANTANDER	1	2020	1	0	0	0	0	0	0	1
396	800163130-0	UNIVERSIDAD FRANCISCO DE PAULA SANTANDER OCAÑA	UFPSO	NORTE DE SANTANDER	1	2020	1	0	0	0	0	0	0	1
397	800163130-0	UNIVERSIDAD FRANCISCO DE PAULA SANTANDER OCAÑA	UFPSO	NORTE DE SANTANDER	1	2020	0	1	0	0	0	0	0	1
398	800163130-0	UNIVERSIDAD FRANCISCO DE PAULA SANTANDER OCAÑA	UFPSO	NORTE DE SANTANDER	1	2020	1	0	0	0	0	0	0	1
399	800163130-0	UNIVERSIDAD FRANCISCO DE PAULA SANTANDER OCAÑA	UFPSO	NORTE DE SANTANDER	1	2020	0	1	0	0	0	0	0	1
400	800163130-0	UNIVERSIDAD FRANCISCO DE PAULA SANTANDER OCAÑA	UFPSO	NORTE DE SANTANDER	1	2020	0	1	0	0	0	0	0	1
401	800163130-0	UNIVERSIDAD FRANCISCO DE PAULA SANTANDER OCAÑA	UFPSO	NORTE DE SANTANDER	1	2020	1	0	0	0	0	0	0	1
402	800163130-0	UNIVERSIDAD FRANCISCO DE PAULA SANTANDER OCAÑA	UFPSO	NORTE DE SANTANDER	1	2020	1	0	0	0	0	0	0	1
403	800163130-0	UNIVERSIDAD FRANCISCO DE PAULA SANTANDER OCAÑA	UFPSO	NORTE DE SANTANDER	1	2020	0	1	0	0	0	0	0	1
404	800163130-0	UNIVERSIDAD FRANCISCO DE PAULA SANTANDER OCAÑA	UFPSO	NORTE DE SANTANDER	1	2020	0	1	0	0	0	0	0	1
405	800163130-0	UNIVERSIDAD FRANCISCO DE PAULA SANTANDER OCAÑA	UFPSO	NORTE DE SANTANDER	1	2020	1	0	0	0	0	0	0	1
406	800163130-0	UNIVERSIDAD FRANCISCO DE PAULA SANTANDER OCAÑA	UFPSO	NORTE DE SANTANDER	1	2020	0	1	0	0	0	0	0	1
407	800163130-0	UNIVERSIDAD FRANCISCO DE PAULA SANTANDER OCAÑA	UFPSO	NORTE DE SANTANDER	1	2020	0	1	0	0	0	0	0	1
408	800163130-0	UNIVERSIDAD FRANCISCO DE PAULA SANTANDER OCAÑA	UFPSO	NORTE DE SANTANDER	1	2020	0	1	0	0	0	0	0	1
409	800163130-0	UNIVERSIDAD FRANCISCO DE PAULA SANTANDER OCAÑA	UFPSO	NORTE DE SANTANDER	1	2020	0	1	0	0	0	0	0	1
410	800163130-0	UNIVERSIDAD FRANCISCO DE PAULA SANTANDER OCAÑA	UFPSO	NORTE DE SANTANDER	1	2020	1	0	0	0	0	0	0	1
411	900304842-5	FUNDACION ACADEMIA NACIONAL DE APRENDIZAJE ANDAP	ANDAP	CUNDINAMARCA	1	2020	8	14	0	2	13	7	0	0
412	800187953-9	CÁMARA DE COMERCIO DEL PIEDEMONTE ARAUCANO	CCPA	ARAUCA	1	2020	14	2	1	5	7	3	0	0
413	830074408-1	CORPORACIóN AUTóNOMA DE TRABAJO SOCIAL	CATSO	CUNDINAMARCA	1	2020	4	8	0	2	7	3	0	0
414	830074408-1	CORPORACIóN AUTóNOMA DE TRABAJO SOCIAL	CATSO	CUNDINAMARCA	1	2020	14	7	0	0	2	6	3	10
415	830074408-1	CORPORACIóN AUTóNOMA DE TRABAJO SOCIAL	CATSO	CUNDINAMARCA	1	2020	12	4	0	3	5	6	2	0
416	830074408-1	CORPORACIóN AUTóNOMA DE TRABAJO SOCIAL	CATSO	CUNDINAMARCA	1	2020	12	7	0	0	1	5	4	9
417	830074408-1	CORPORACIóN AUTóNOMA DE TRABAJO SOCIAL	CATSO	CUNDINAMARCA	1	2020	0	32	0	11	12	3	6	0
418	830074408-1	CORPORACIóN AUTóNOMA DE TRABAJO SOCIAL	CATSO	CUNDINAMARCA	1	2020	12	7	0	0	1	5	4	9
419	830074408-1	CORPORACIóN AUTóNOMA DE TRABAJO SOCIAL	CATSO	CUNDINAMARCA	1	2020	11	22	0	2	3	13	15	0
420	830074408-1	CORPORACIóN AUTóNOMA DE TRABAJO SOCIAL	CATSO	CUNDINAMARCA	1	2020	2	3	0	0	2	2	1	0
421	800218458-9	FUNDACIóN COOPCENTRAL	COOPCENTRAL	CUNDINAMARCA	1	2020	57	50	0	0	0	0	0	107
422	860029924-7	UNIVERSIDAD COOPERATIVA DE COLOMBIA	INDESCO	CUNDINAMARCA	1	2020	17	9	0	4	11	9	2	0
423	860029924-7	UNIVERSIDAD COOPERATIVA DE COLOMBIA	INDESCO	CUNDINAMARCA	1	2020	0	5	0	5	0	0	0	0
424	900134877-2	FUNDACIÓN DE COPIDROGAS PARA LA EDUCACIÓN Y LA ASESORÍA TÉCNICA	FUNDACOPI	CUNDINAMARCA	1	2020	5	9	0	2	7	3	2	0
425	900134877-2	FUNDACIÓN DE COPIDROGAS PARA LA EDUCACIÓN Y LA ASESORÍA TÉCNICA	FUNDACOPI	CUNDINAMARCA	1	2020	7	2	0	0	4	4	1	0
426	900134877-2	FUNDACIÓN DE COPIDROGAS PARA LA EDUCACIÓN Y LA ASESORÍA TÉCNICA	FUNDACOPI	CUNDINAMARCA	1	2020	48	52	0	18	49	27	6	0
427	900134877-2	FUNDACIÓN DE COPIDROGAS PARA LA EDUCACIÓN Y LA ASESORÍA TÉCNICA	FUNDACOPI	CUNDINAMARCA	1	2020	24	21	0	3	15	25	2	0
428	900134877-2	FUNDACIÓN DE COPIDROGAS PARA LA EDUCACIÓN Y LA ASESORÍA TÉCNICA	FUNDACOPI	CUNDINAMARCA	1	2020	26	20	0	4	20	18	4	0
429	900134877-2	FUNDACIÓN DE COPIDROGAS PARA LA EDUCACIÓN Y LA ASESORÍA TÉCNICA	FUNDACOPI	CUNDINAMARCA	1	2020	14	17	0	1	10	20	0	0
430	900134877-2	FUNDACIÓN DE COPIDROGAS PARA LA EDUCACIÓN Y LA ASESORÍA TÉCNICA	FUNDACOPI	CUNDINAMARCA	1	2020	9	7	0	0	9	7	0	0
431	800167034-1	ASOCIACIÓN DE COOPERATIVAS Y EMPRESAS SOLIDARIAS DEL HUILA ASOCOOPH	ASOCOOPH	HUILA	1	2020	21	16	0	6	4	23	4	0
432	800167034-1	ASOCIACIÓN DE COOPERATIVAS Y EMPRESAS SOLIDARIAS DEL HUILA ASOCOOPH	ASOCOOPH	HUILA	1	2020	20	3	0	2	8	1	0	12
433	800167034-1	ASOCIACIÓN DE COOPERATIVAS Y EMPRESAS SOLIDARIAS DEL HUILA ASOCOOPH	ASOCOOPH	HUILA	1	2020	3	2	0	2	1	1	0	1
434	860014040-6	COOPERATIVA DE PROFESIONALES COASMEDAS	COASMEDAS	CUNDINAMARCA	1	2020	2	2	0	0	2	2	0	0
435	860014040-6	COOPERATIVA DE PROFESIONALES COASMEDAS	COASMEDAS	CUNDINAMARCA	1	2020	16	20	0	0	6	22	8	0
436	860014040-6	COOPERATIVA DE PROFESIONALES COASMEDAS	COASMEDAS	CUNDINAMARCA	1	2020	13	11	0	1	4	14	5	0
437	860014040-6	COOPERATIVA DE PROFESIONALES COASMEDAS	COASMEDAS	CUNDINAMARCA	1	2020	6	11	0	1	5	7	4	0
438	860014040-6	COOPERATIVA DE PROFESIONALES COASMEDAS	COASMEDAS	CUNDINAMARCA	1	2020	3	4	0	0	4	3	0	0
439	891501013-9	FEDERACIÓN DE COOPERATIVAS DEL CAUCA	CONFECOOP CAUCA	CAUCA	1	2020	0	4	0	0	2	0	1	1
440	800176286-7	COOPERATIVA MULTIACTIVA LOS OLIVOS	COOLIVOS	ATLÁNTICO	1	2020	7	15	4	5	5	7	1	0
441	800176286-7	COOPERATIVA MULTIACTIVA LOS OLIVOS	COOLIVOS	ATLÁNTICO	1	2020	0	5	0	2	0	3	0	0
442	800176286-7	COOPERATIVA MULTIACTIVA LOS OLIVOS	COOLIVOS	ATLÁNTICO	1	2020	2	2	0	1	0	1	2	0
443	900352317-4	CORPORACIÓN CENTRO DE ACOMPAÑAMIENTO PARA EL DESARROLLO EMPRESARIAL SOCIAL Y SOLIDARIO	CORPOCADES	VALLE DEL CAUCA	1	2020	8	0	0	3	3	2	0	0
444	900711331-9	FUNDACIÓN ASESORAMOS PARA EL TRABAJO Y EL DESARROLLO HUMANO	FUNDACIÓN ASESORAMOS	CUNDINAMARCA	1	2020	110	46	0	0	0	0	0	156
445	900711331-9	FUNDACIÓN ASESORAMOS PARA EL TRABAJO Y EL DESARROLLO HUMANO	FUNDACIÓN ASESORAMOS	CUNDINAMARCA	1	2020	16	34	0	0	0	0	0	0
446	890101834-9	ASOCIACIÓN COLOMBIANA DE LAS MICRO, PEQUEÑAS Y MEDIANAS EMPRESAS	ACOPI SECCIONAL ATLÁNTICO	ATLÁNTICO	2	2020	12	14	0	2	1	2	2	19
447	823005226-6	COOPERATIVA DE SERVICIOS INTEGRALES	AGROCOOP	SUCRE	2	2020	12	3	0	2	4	8	1	0
448	860010755-5	ASOCIACIÓN COLOMBIANA DE COOPERATIVAS	ASCOOP	CUNDINAMARCA	2	2020	13	0	0	2	10	1	0	0
449	860010755-5	ASOCIACIÓN COLOMBIANA DE COOPERATIVAS	ASCOOP	CUNDINAMARCA	2	2020	20	1	0	1	15	5	0	0
450	860010755-5	ASOCIACIÓN COLOMBIANA DE COOPERATIVAS	ASCOOP	CUNDINAMARCA	2	2020	35	49	0	1	77	6	0	0
451	860010755-5	ASOCIACIÓN COLOMBIANA DE COOPERATIVAS	ASCOOP	CUNDINAMARCA	2	2020	1050	40	0	93	896	100	0	1
452	890905200-0	ASOCIACIÓN MOVIMIENTO HERMANDADES DEL TRABAJO	HERMANDADES DEL TRABAJO	ANTIOQUIA	2	2020	0	0	0	0	0	0	0	0
453	800167034-1	ASOCIACIÓN DE COOPERATIVAS Y EMPRESAS SOLIDARIAS DEL HUILA ASOCOOPH	ASOCOOPH	HUILA	2	2020	18	2	0	0	8	12	0	0
454	800167034-1	ASOCIACIÓN DE COOPERATIVAS Y EMPRESAS SOLIDARIAS DEL HUILA ASOCOOPH	ASOCOOPH	HUILA	2	2020	27	0	0	0	11	16	0	0
455	800167034-1	ASOCIACIÓN DE COOPERATIVAS Y EMPRESAS SOLIDARIAS DEL HUILA ASOCOOPH	ASOCOOPH	HUILA	2	2020	59	32	0	12	28	15	0	36
456	860516999-8	CENTRAL DE INTEGRACIÓN Y CAPACITACIÓN COOPERATIVA	CINCOP	CUNDINAMARCA	2	2020	137	227	0	5	6	11	8	334
457	860516999-8	CENTRAL DE INTEGRACIÓN Y CAPACITACIÓN COOPERATIVA	CINCOP	CUNDINAMARCA	2	2020	139	191	2	9	35	54	18	212
458	860516999-8	CENTRAL DE INTEGRACIÓN Y CAPACITACIÓN COOPERATIVA	CINCOP	CUNDINAMARCA	2	2020	124	266	0	0	0	0	0	390
459	860516999-8	CENTRAL DE INTEGRACIÓN Y CAPACITACIÓN COOPERATIVA	CINCOP	CUNDINAMARCA	2	2020	107	226	0	0	0	0	0	333
460	860516999-8	CENTRAL DE INTEGRACIÓN Y CAPACITACIÓN COOPERATIVA	CINCOP	CUNDINAMARCA	2	2020	61	147	0	0	0	0	0	208
461	860516999-8	CENTRAL DE INTEGRACIÓN Y CAPACITACIÓN COOPERATIVA	CINCOP	CUNDINAMARCA	2	2020	63	147	0	0	0	0	0	210
462	900528910-1	COOPHUMANA COOPERATIVA MULTIACTIVA DE APORTE Y CRÉDITO	COOPHUMANA	ATLÁNTICO	2	2020	683	733	0	0	0	0	0	1416
463	900528910-1	COOPHUMANA COOPERATIVA MULTIACTIVA DE APORTE Y CRÉDITO	COOPHUMANA	ATLÁNTICO	2	2020	612	1151	0	0	0	0	0	1763
464	900528910-1	COOPHUMANA COOPERATIVA MULTIACTIVA DE APORTE Y CRÉDITO	COOPHUMANA	ATLÁNTICO	2	2020	64	135	0	0	0	0	0	199
465	900528910-1	COOPHUMANA COOPERATIVA MULTIACTIVA DE APORTE Y CRÉDITO	COOPHUMANA	ATLÁNTICO	2	2020	433	440	0	0	0	0	0	873
466	900528910-1	COOPHUMANA COOPERATIVA MULTIACTIVA DE APORTE Y CRÉDITO	COOPHUMANA	ATLÁNTICO	2	2020	212	102	0	0	0	0	0	314
467	900528910-1	COOPHUMANA COOPERATIVA MULTIACTIVA DE APORTE Y CRÉDITO	COOPHUMANA	ATLÁNTICO	2	2020	88	3	0	0	0	0	0	91
468	800186261-6	ASOCIACIÓN DE COOPERATIVAS DE RISARALDA	ASOCORIS	RISARALDA	2	2020	30	19	0	0	0	0	0	49
469	800186261-6	ASOCIACIÓN DE COOPERATIVAS DE RISARALDA	ASOCORIS	RISARALDA	2	2020	2	0	0	0	0	0	0	2
470	800186261-6	ASOCIACIÓN DE COOPERATIVAS DE RISARALDA	ASOCORIS	RISARALDA	2	2020	20	30	0	0	0	0	0	50
471	800186261-6	ASOCIACIÓN DE COOPERATIVAS DE RISARALDA	ASOCORIS	RISARALDA	2	2020	26	9	0	0	0	0	0	35
472	800186261-6	ASOCIACIÓN DE COOPERATIVAS DE RISARALDA	ASOCORIS	RISARALDA	2	2020	149	105	0	0	0	0	0	254
473	800186261-6	ASOCIACIÓN DE COOPERATIVAS DE RISARALDA	ASOCORIS	RISARALDA	2	2020	21	7	0	0	0	0	0	28
474	900305447-3	ASOCIACIÓN DE PRIMERAS DAMAS DE COLOMBIA	ASODAMAS	CUNDINAMARCA	2	2020	17	200	2	19	79	91	25	1
475	805025342-2	ASOCIACIÓN PARA LA EQUIDAD Y EL TRABAJO	ASOTRABAJO	VALLE DEL CAUCA	2	2020	6	14	0	5	5	10	0	0
476	800187953-9	CÁMARA DE COMERCIO DEL PIEDEMONTE ARAUCANO	CCPA	ARAUCA	2	2020	12	13	0	5	14	6	0	0
477	800187953-9	CÁMARA DE COMERCIO DEL PIEDEMONTE ARAUCANO	CCPA	ARAUCA	2	2020	19	0	2	7	3	6	1	0
478	891800652-8	CASA NACIONAL DEL PROFESOR COOPERATIVA DE AHORRO Y CRÉDITO	CANAPRO	BOYACÁ	2	2020	32	69	0	0	0	0	0	101
479	891800652-8	CASA NACIONAL DEL PROFESOR COOPERATIVA DE AHORRO Y CRÉDITO	CANAPRO	BOYACÁ	2	2020	52	92	0	0	0	0	0	144
480	891800652-8	CASA NACIONAL DEL PROFESOR COOPERATIVA DE AHORRO Y CRÉDITO	CANAPRO	BOYACÁ	2	2020	83	258	0	0	0	0	0	341
481	891800652-8	CASA NACIONAL DEL PROFESOR COOPERATIVA DE AHORRO Y CRÉDITO	CANAPRO	BOYACÁ	2	2020	38	72	0	0	0	0	0	110
482	830074408-1	CORPORACIÓN AUTÓNOMA DE TRABAJO SOCIAL	CATSO	CUNDINAMARCA	2	2020	29	13	0	1	5	10	11	15
483	830074408-1	CORPORACIÓN AUTÓNOMA DE TRABAJO SOCIAL	CATSO	CUNDINAMARCA	2	2020	16	56	0	0	0	0	0	72
484	810004625-1	FUNDACIÓN CEAR CENTRO EDUCATIVO DE ALTO RENDIMIENTO	CEAR	CALDAS	2	2020	28	20	0	0	0	0	0	48
485	890304469-5	CENTRAL DE COOPERATIVAS AGRARIAS - CENCOA	CENCOA	VALLE DEL CAUCA	2	2020	10	7	0	0	5	11	1	0
486	890304469-5	CENTRAL DE COOPERATIVAS AGRARIAS - CENCOA	CENCOA	VALLE DEL CAUCA	2	2020	15	4	0	5	7	5	1	1
487	890304469-5	CENTRAL DE COOPERATIVAS AGRARIAS - CENCOA	CENCOA	VALLE DEL CAUCA	2	2020	14	6	0	1	6	10	3	0
488	890304469-5	CENTRAL DE COOPERATIVAS AGRARIAS - CENCOA	CENCOA	VALLE DEL CAUCA	2	2020	5	5	0	1	3	4	2	0
489	890304469-5	CENTRAL DE COOPERATIVAS AGRARIAS - CENCOA	CENCOA	VALLE DEL CAUCA	2	2020	6	7	0	1	3	7	2	0
490	860026928-2	CENTRO NACIONAL DE FORMACION SOCIAL	CETRAC	CUNDINAMARCA	2	2020	22	88	1	7	58	43	1	0
491	811028537-7	CORPORACIÓN CINFES	CINFES	ANTIOQUIA	2	2020	48	15	0	25	13	21	4	0
492	811028537-7	CORPORACIÓN CINFES	CINFES	ANTIOQUIA	2	2020	86	14	0	49	26	23	2	0
493	811028537-7	CORPORACIÓN CINFES	CINFES	ANTIOQUIA	2	2020	33	26	0	4	19	19	17	0
494	811028537-7	CORPORACIÓN CINFES	CINFES	ANTIOQUIA	2	2020	44	5	0	15	25	8	1	0
495	811028537-7	CORPORACIÓN CINFES	CINFES	ANTIOQUIA	2	2020	252	41	0	100	112	62	19	0
496	811028537-7	CORPORACIÓN CINFES	CINFES	ANTIOQUIA	2	2020	77	48	0	29	33	37	26	0
497	860014040-6	COOPERATIVA DE PROFESIONALES COASMEDAS	COASMEDAS	CUNDINAMARCA	2	2020	1	1	0	0	1	1	0	0
498	860014040-6	COOPERATIVA DE PROFESIONALES COASMEDAS	COASMEDAS	CUNDINAMARCA	2	2020	0	1	0	0	1	0	0	0
499	860014040-6	COOPERATIVA DE PROFESIONALES COASMEDAS	COASMEDAS	CUNDINAMARCA	2	2020	1	0	0	0	0	0	1	0
500	860014040-6	COOPERATIVA DE PROFESIONALES COASMEDAS	COASMEDAS	CUNDINAMARCA	2	2020	18	12	0	1	15	14	0	0
501	860014040-6	COOPERATIVA DE PROFESIONALES COASMEDAS	COASMEDAS	CUNDINAMARCA	2	2020	4	1	0	0	2	3	0	0
502	900966465-1	CORPORACIÓN CONEXIÓN SOLIDARIA	CONEXSOLIDARIA	ANTIOQUIA	2	2020	2	2	0	1	0	2	0	1
503	800015746-3	ASOCIACIÓN ANTIOQUEÑA DE COOPERATIVAS	CONFECOOP ANTIOQUIA	ANTIOQUIA	2	2020	102	80	4	30	37	40	8	63
504	800024309-6	UNION COOPERATIVA DE CALDAS	CONFECOOP CALDAS	CALDAS	2	2020	14	6	0	0	6	6	8	0
505	800024309-6	UNION COOPERATIVA DE CALDAS	CONFECOOP CALDAS	CALDAS	2	2020	40	66	0	10	36	41	18	1
506	890481532-9	CENTRAL DE INTEGRACION COOPERATIVA DEL CARIBE	CONFECOOP CARIBE	BOLIVAR	2	2020	40	59	2	0	33	48	16	0
507	890481532-9	c	CONFECOOP CARIBE	BOLIVAR	2	2020	51	45	0	0	35	61	0	0
508	890481532-9	CENTRAL DE INTEGRACION COOPERATIVA DEL CARIBE	CONFECOOP CARIBE	BOLIVAR	2	2020	13	7	0	0	6	14	0	0
509	890481532-9	CENTRAL DE INTEGRACION COOPERATIVA DEL CARIBE	CONFECOOP CARIBE	BOLIVAR	2	2020	10	13	0	0	2	20	1	0
510	891501013-9	FEDERACIÓN DE COOPERATIVAS DEL CAUCA	CONFECOOP CAUCA	CAUCA	2	2020	12	11	3	2	3	13	1	1
511	800062988-9	UNION DE COOPERATIVAS DEL META Y LOS LLANOS ORIENTALES	CONFECOOP LLANOS	META	2	2020	117	124	0	8	55	128	50	0
512	800062988-9	UNION DE COOPERATIVAS DEL META Y LOS LLANOS ORIENTALES	CONFECOOP LLANOS	META	2	2020	43	29	0	4	12	25	31	0
513	800062988-9	UNION DE COOPERATIVAS DEL META Y LOS LLANOS ORIENTALES	CONFECOOP LLANOS	META	2	2020	43	29	0	0	35	24	13	0
514	890505732-0	CONFEDERACIÓN DE COOPERATIVAS DE NORTE DE SANTANDER	CONFECOOP NORTE	NORTE DE SANTANDER	2	2020	0	0	0	0	0	0	0	0
515	804007846-2	FEDERACION DE EMPRESAS DE ECONOMIA SOLIDARIA - CONFECOOP ORIENTE	CONFECOOP ORIENTE	SANTANDER	2	2020	59	86	0	0	0	0	0	145
516	804007846-2	FEDERACION DE EMPRESAS DE ECONOMIA SOLIDARIA - CONFECOOP ORIENTE	CONFECOOP ORIENTE	SANTANDER	2	2020	31	25	0	0	0	0	0	56
517	804007846-2	FEDERACION DE EMPRESAS DE ECONOMIA SOLIDARIA - CONFECOOP ORIENTE	CONFECOOP ORIENTE	SANTANDER	2	2020	6	29	0	0	0	0	0	35
518	804007846-2	FEDERACION DE EMPRESAS DE ECONOMIA SOLIDARIA - CONFECOOP ORIENTE	CONFECOOP ORIENTE	SANTANDER	2	2020	38	11	0	0	0	0	0	49
519	809002901-5	ASOCIACIÓN TOLIMENSE DE COOPERATIVAS	CONFECOOP TOLIMA	TOLIMA	2	2020	9	0	0	0	0	0	0	9
520	809002901-5	ASOCIACIÓN TOLIMENSE DE COOPERATIVAS	CONFECOOP TOLIMA	TOLIMA	2	2020	34	36	0	0	0	0	0	70
521	830505359-8	COOPERATIVA INTEGRAL PARA EL DESARROLLO AGROPECUARIO	COOAGRODIN	CESAR	2	2020	17	4	0	1	11	6	2	1
522	800176286-7	COOPERATIVA MULTIACTIVA LOS OLIVOS	COOLIVOS	ATLÁNTICO	2	2020	3	2	0	1	2	2	0	0
523	800176286-7	COOPERATIVA MULTIACTIVA LOS OLIVOS	COOLIVOS	ATLÁNTICO	2	2020	0	13	0	0	0	0	0	13
524	800176286-7	COOPERATIVA MULTIACTIVA LOS OLIVOS	COOLIVOS	ATLÁNTICO	2	2020	0	3	0	0	2	1	0	0
525	800176286-7	COOPERATIVA MULTIACTIVA LOS OLIVOS	COOLIVOS	ATLÁNTICO	2	2020	0	3	0	0	2	1	0	0
526	800176286-7	COOPERATIVA MULTIACTIVA LOS OLIVOS	COOLIVOS	ATLÁNTICO	2	2020	1	0	0	0	1	0	0	0
527	860514823-1	COOPERATIVA PARA EL BIENESTAR SOCIAL COOPEBIS	COOPEBIS	CUNDINAMARCA	2	2020	0	0	0	0	0	0	0	0
528	890985032-1	COOPERATIVA DE PROFESORES DE LA UNIVERSIDAD DE ANTIOQUIA	COOPRUDEA	ANTIOQUIA	2	2020	8	3	0	0	5	1	5	0
529	860014397-1	COOPERATIVA DE LOS TRABAJADORES DEL ISS	COOPTRAISS	CUNDINAMARCA	2	2020	0	0	0	0	0	0	0	0
530	800155087-8	COOPERATIVA MULTIACTIVA COOTREGUA	COOTREGUA	GUAINIA	2	2020	7	11	0	7	6	5	0	0
531	800155087-8	COOPERATIVA MULTIACTIVA COOTREGUA	COOTREGUA	GUAINIA	2	2020	5	15	0	8	8	4	0	0
532	800155087-8	COOPERATIVA MULTIACTIVA COOTREGUA	COOTREGUA	GUAINIA	2	2020	13	15	0	11	12	5	0	0
533	800155087-8	COOPERATIVA MULTIACTIVA COOTREGUA	COOTREGUA	GUAINIA	2	2020	13	11	0	10	7	7	0	0
534	891900492-5	COPROCENVA COOPERATIVA DE AHORRO Y CRÉDITO	COPROCENVA	VALLE DEL CAUCA	2	2020	115	279	22	102	95	150	11	14
535	891900492-5	COPROCENVA COOPERATIVA DE AHORRO Y CRÉDITO	COPROCENVA	VALLE DEL CAUCA	2	2020	152	249	18	65	92	200	17	9
536	891900492-5	COPROCENVA COOPERATIVA DE AHORRO Y CRÉDITO	COPROCENVA	VALLE DEL CAUCA	2	2020	30	32	1	15	12	32	2	0
537	891900492-5	COPROCENVA COOPERATIVA DE AHORRO Y CRÉDITO	COPROCENVA	VALLE DEL CAUCA	2	2020	6	4	0	4	5	1	0	0
538	891900492-5	COPROCENVA COOPERATIVA DE AHORRO Y CRÉDITO	COPROCENVA	VALLE DEL CAUCA	2	2020	14	25	2	2	6	5	0	24
539	891900492-5	COPROCENVA COOPERATIVA DE AHORRO Y CRÉDITO	COPROCENVA	VALLE DEL CAUCA	2	2020	36	39	3	12	27	30	3	0
540	900454027-1	CORPORACIÓN CENTRO DE ESTUDIOS SOLIDARIOS JIREH	CORJIREHT	CUNDINAMARCA	2	2020	10	17	0	2	9	8	8	0
541	811027299-4	CENTRO DE ESTUDIOS E INVESTIGACIONES SOCIALES AFROCOLOMBIANAS	CEISAFROCOL	ANTIOQUIA	2	2020	0	0	0	0	0	0	0	0
542	900589243-6	CORPORACIÓN SEMILLA PAIS	CORPORACIÓN SEMILLA PAIS	CAUCA	2	2020	1	11	0	0	0	0	0	12
543	900343130-6	CORPORACIÓN VIDA	CORPORACIÓN VIDA	VALLE DEL CAUCA	2	2020	16	16	0	0	0	0	0	32
544	805028632-7	CORPORACIÓN SUJETOS COLECTIVOS	CORPOSUJECOL	VALLE DEL CAUCA	2	2020	4	6	0	1	7	2	0	0
545	900325303-7	CORPORACIÓN TALENTO SOLIDARIO EMPRESARIAL	CORTALENTO	ANTIOQUIA	2	2020	0	0	0	0	0	0	0	0
546	807000667-1	FUNDACIóN CREDISERVI	CREDISERVIR	NORTE DE SANTANDER	2	2020	60	128	0	0	0	0	0	188
547	807000667-1	FUNDACIóN CREDISERVI	CREDISERVIR	NORTE DE SANTANDER	2	2020	102	146	0	0	0	0	0	248
548	807000667-1	FUNDACIóN CREDISERVI	CREDISERVIR	NORTE DE SANTANDER	2	2020	125	159	0	0	0	0	0	284
549	807000667-1	FUNDACIóN CREDISERVI	CREDISERVIR	NORTE DE SANTANDER	2	2020	109	128	0	0	0	0	0	237
550	901082398-5	FUNDACIÓN CSE PROGRESA	CSE PROGRESA	CUNDINAMARCA	2	2020	36	44	0	3	10	18	1	48
551	830146621-2	DINAMIZAR SOLUCIONES	DINAMIZAR SOLUCIONES	CUNDINAMARCA	2	2020	59	98	0	0	0	0	0	157
552	830146621-2	DINAMIZAR SOLUCIONES	DINAMIZAR SOLUCIONES	CUNDINAMARCA	2	2020	43	43	0	0	0	0	0	86
553	830146621-2	DINAMIZAR SOLUCIONES	DINAMIZAR SOLUCIONES	CUNDINAMARCA	2	2020	27	49	0	0	0	0	0	76
554	830146621-2	DINAMIZAR SOLUCIONES	DINAMIZAR SOLUCIONES	CUNDINAMARCA	2	2020	6	8	0	0	0	0	0	14
555	860007647-7	FEBOR ENTIDAD COOPERATIVA	FEBOR	CUNDINAMARCA	2	2020	28	18	0	4	15	18	9	0
556	860007647-7	FEBOR ENTIDAD COOPERATIVA	FEBOR	CUNDINAMARCA	2	2020	2	3	0	1	2	1	1	0
557	860007647-7	FEBOR ENTIDAD COOPERATIVA	FEBOR	CUNDINAMARCA	2	2020	2	2	0	0	4	0	0	0
558	860007647-7	FEBOR ENTIDAD COOPERATIVA	FEBOR	CUNDINAMARCA	2	2020	4	6	1	1	6	2	0	0
559	900280737-4	FUNDACIÓN EDUCATIVA DE RISARALDA	FEDUCAR	RISARALDA	2	2020	19	0	0	0	0	0	0	19
560	900280737-4	FUNDACIÓN EDUCATIVA DE RISARALDA	FEDUCAR	RISARALDA	2	2020	4	0	0	0	0	0	0	4
561	900280737-4	FUNDACIÓN EDUCATIVA DE RISARALDA	FEDUCAR	RISARALDA	2	2020	16	52	0	0	0	0	0	68
562	900573295-9	FEDERACION COLOMBIANA DE ENTIDADES SOLIDARIAS	FENALSOL	CUNDINAMARCA	2	2020	15	5	0	3	7	9	1	0
563	830103142-1	FEDERACION NACIONAL DE COOPERATIVAS DEL SECTOR EDUCATIVO COLOMBIANO	FENSECOOP	CUNDINAMARCA	2	2020	26	6	0	0	0	0	0	32
564	830103142-1	FEDERACION NACIONAL DE COOPERATIVAS DEL SECTOR EDUCATIVO COLOMBIANO	FENSECOOP	CUNDINAMARCA	2	2020	25	28	0	0	0	0	0	53
565	900258886-1	FUNDACIóN FONDECOM	FONDECOM	VALLE DEL CAUCA	2	2020	16	21	0	0	0	0	0	37
566	900258886-1	FUNDACIóN FONDECOM	FONDECOM	VALLE DEL CAUCA	2	2020	43	94	0	0	0	0	0	137
567	900258886-1	FUNDACIóN FONDECOM	FONDECOM	VALLE DEL CAUCA	2	2020	12	33	0	0	0	0	0	45
568	900258886-1	FUNDACIóN FONDECOM	FONDECOM	VALLE DEL CAUCA	2	2020	9	22	0	0	0	0	0	31
569	900261022-6	FORMADORES CORPORACIÓN	FORMADORES CORPORACIÓN	HUILA	2	2020	114	18	0	14	31	54	6	27
570	900261022-6	FORMADORES CORPORACIÓN	FORMADORES CORPORACIÓN	HUILA	2	2020	42	0	0	6	20	14	0	2
571	900261022-6	FORMADORES CORPORACIÓN	FORMADORES CORPORACIÓN	HUILA	2	2020	53	13	1	16	23	14	3	9
572	900261022-6	FORMADORES CORPORACIÓN	FORMADORES CORPORACIÓN	HUILA	2	2020	31	3	0	11	8	10	0	5
573	900261022-6	FORMADORES CORPORACIÓN	FORMADORES CORPORACIÓN	HUILA	2	2020	27	5	0	13	11	2	1	5
574	900261022-6	FORMADORES CORPORACIÓN	FORMADORES CORPORACIÓN	HUILA	2	2020	11	1	0	3	4	4	0	1
575	900365102-4	FUNDACIÓN ACCION Y DESARROLLO	FUNADES	VALLE DEL CAUCA	2	2020	0	21	0	5	9	5	1	1
576	805026888-6	FUNDACIÓN DE APOYO AL DESARROLLO SOCIAL	FUNDACIÓN PROACTIVA	VALLE DEL CAUCA	2	2020	6	12	0	4	5	7	1	1
577	900248333-8	FUNDACIÓN CATATUMBO	FUNDACIÓN CATATUMBO	NORTE DE SANTANDER	2	2020	3	39	0	0	0	0	0	42
578	900251011-2	FUNDACIÓN SOCIAL Y AMBIENTAL DEL PACIFICO	FUNDAPACÍFICO	VALLE DEL CAUCA	2	2020	15	17	0	0	0	0	0	32
579	900365444-8	FUNDACIÓN PARA EL DESARROLLO Y EL PROGRESO	FUNDEPROGRESO	VALLE DEL CAUCA	2	2020	5	8	0	6	2	3	2	0
580	824004303-4	FUNDACIÓN PARA EL DESARROLLO SOCIOEMPRESARIAL Y TECNOLÓGICO DE LA COSTA CARIBE	FUNDESCAR	CESAR	2	2020	63	8	0	2	29	39	1	0
581	824004303-4	FUNDACIÓN PARA EL DESARROLLO SOCIOEMPRESARIAL Y TECNOLÓGICO DE LA COSTA CARIBE	FUNDESCAR	CESAR	2	2020	20	0	0	0	4	14	2	0
582	900098833-4	FUNDACIÓN CENTRO DE EDUCACIÓN Y DESARROLLO SOLIDARIO - FUNCEYDES	FUNCEYDES	CUNDINAMARCA	2	2020	12	14	0	4	10	10	2	0
583	900098833-4	FUNDACIÓN CENTRO DE EDUCACIÓN Y DESARROLLO SOLIDARIO - FUNCEYDES	FUNCEYDES	CUNDINAMARCA	2	2020	27	13	0	7	14	14	5	0
584	900098833-4	FUNDACIÓN CENTRO DE EDUCACIÓN Y DESARROLLO SOLIDARIO - FUNCEYDES	FUNCEYDES	CUNDINAMARCA	2	2020	30	15	0	6	19	16	4	0
585	900098833-4	FUNDACIÓN CENTRO DE EDUCACIÓN Y DESARROLLO SOLIDARIO - FUNCEYDES	FUNCEYDES	CUNDINAMARCA	2	2020	22	37	1	7	29	22	0	0
586	900098833-4	FUNDACIÓN CENTRO DE EDUCACIÓN Y DESARROLLO SOLIDARIO - FUNCEYDES	FUNCEYDES	CUNDINAMARCA	2	2020	27	23	0	2	23	23	2	0
587	900098833-4	FUNDACIÓN CENTRO DE EDUCACIÓN Y DESARROLLO SOLIDARIO - FUNCEYDES	FUNCEYDES	CUNDINAMARCA	2	2020	26	31	0	7	25	22	3	0
588	811027728-2	FUNDACIóN SOLIDARIA ORIENTE ANTIOQUEÑO	FUSOAN	ANTIOQUIA	2	2020	4	7	0	0	0	0	0	11
589	811027728-2	FUNDACIóN SOLIDARIA ORIENTE ANTIOQUEÑO	FUSOAN	ANTIOQUIA	2	2020	13	5	0	0	0	0	0	18
590	811027728-2	FUNDACIóN SOLIDARIA ORIENTE ANTIOQUEÑO	FUSOAN	ANTIOQUIA	2	2020	13	11	0	0	0	0	0	24
591	830032059-2	GRUPO EMPRESARIAL SOLIDARIO	GRUPO GES	CUNDINAMARCA	2	2020	2	0	0	0	0	0	0	2
592	830032059-2	GRUPO EMPRESARIAL SOLIDARIO	GRUPO GES	CUNDINAMARCA	2	2020	40	68	1	17	43	47	0	0
593	830032059-2	GRUPO EMPRESARIAL SOLIDARIO	GRUPO GES	CUNDINAMARCA	2	2020	17	12	0	4	7	18	0	0
594	830032059-2	GRUPO EMPRESARIAL SOLIDARIO	GRUPO GES	CUNDINAMARCA	2	2020	83	92	0	15	71	85	4	0
595	830032059-2	GRUPO EMPRESARIAL SOLIDARIO	GRUPO GES	CUNDINAMARCA	2	2020	62	135	0	10	93	94	0	0
596	830032059-2	GRUPO EMPRESARIAL SOLIDARIO	GRUPO GES	CUNDINAMARCA	2	2020	51	111	0	12	70	80	0	0
597	801002867-3	ASOCIACIÓN DE ENTIDADES DEL SECTOR DE LA ECONOMíA SOLIDARIA DEL QUINDíO Y NORTE DEL VALLE	QUINDIO SOLIDARIO	QUINDIO	2	2020	1	1	0	0	0	0	0	2
598	801002867-3	ASOCIACIÓN DE ENTIDADES DEL SECTOR DE LA ECONOMíA SOLIDARIA DEL QUINDíO Y NORTE DEL VALLE	QUINDIO SOLIDARIO	QUINDIO	2	2020	22	13	0	0	0	0	0	35
599	801002867-3	ASOCIACIÓN DE ENTIDADES DEL SECTOR DE LA ECONOMíA SOLIDARIA DEL QUINDíO Y NORTE DEL VALLE	QUINDIO SOLIDARIO	QUINDIO	2	2020	1	0	0	0	0	0	0	1
600	901284773-1	COOPERATIVA MULTIACTIVA DEL EJE	SINERGIACOOP	RISARALDA	2	2020	0	24	0	0	0	0	0	24
601	800163130-0	UNIVERSIDAD FRANCISCO DE PAULA SANTANDER OCAÑA	UFPSO	NORTE DE SANTANDER	2	2020	76	45	2	21	34	47	16	1
602	800163130-0	UNIVERSIDAD FRANCISCO DE PAULA SANTANDER OCAÑA	UFPSO	NORTE DE SANTANDER	2	2020	12	38	0	29	1	17	3	0
603	890300625-1	COOPERATIVA MEDICA DEL VALLE Y DE PROFESIONALES DE COLOMBIA 	COOMEVA	VALLE DEL CAUCA	2	2020	3	12	0	0	0	0	0	0
604	890300625-1	COOPERATIVA MEDICA DEL VALLE Y DE PROFESIONALES DE COLOMBIA 	COOMEVA 	VALLE DEL CAUCA	2	2020	2	4	0	0	0	0	0	0
605	890300625-1	COOPERATIVA MEDICA DEL VALLE Y DE PROFESIONALES DE COLOMBIA 	COOMEVA	VALLE DEL CAUCA	2	2020	1	2	0	0	0	0	0	0
606	890300625-1	COOPERATIVA MEDICA DEL VALLE Y DE PROFESIONALES DE COLOMBIA 	COOMEVA	VALLE DEL CAUCA	2	2020	1	3	0	0	0	0	0	0
607	890300625-1	COOPERATIVA MEDICA DEL VALLE Y DE PROFESIONALES DE COLOMBIA 	COOMEVA	VALLE DEL CAUCA	2	2020	33	10	0	0	0	0	0	0
